,ano,mes,dia_semana,Qt_almoco,Qt_jantar,dia
0,2016,1,0,364,294,4
1,2016,1,1,489,363,5
2,2016,1,2,522,401,6
3,2016,1,3,514,349,7
4,2016,1,4,409,218,8
5,2016,1,0,462,372,11
6,2016,1,1,575,435,12
7,2016,1,2,525,388,13
8,2016,1,3,545,341,14
9,2016,1,4,434,261,15
10,2016,1,0,424,371,18
11,2016,1,1,499,391,19
12,2016,1,2,501,398,20
13,2016,1,3,525,382,21
14,2016,1,4,452,265,22
15,2016,1,0,484,332,25
16,2016,1,1,514,385,26
17,2016,1,2,514,343,27
18,2016,1,3,535,325,28
19,2016,1,4,412,219,29
20,2016,2,0,404,302,1
21,2016,2,1,504,328,2
22,2016,2,2,427,324,3
23,2016,2,3,462,258,4
24,2016,2,4,285,116,5
25,2016,2,3,132,97,11
26,2016,2,4,153,82,12
27,2016,2,0,189,147,15
28,2016,2,1,266,150,16
29,2016,2,2,250,123,17
30,2016,2,3,216,100,18
31,2016,2,4,205,74,19
32,2016,3,0,585,388,14
33,2016,3,1,733,464,15
34,2016,3,2,716,470,16
35,2016,3,3,727,452,17
36,2016,3,4,620,312,18
37,2016,3,0,654,498,21
38,2016,3,1,752,449,22
39,2016,3,2,668,337,23
40,2016,3,0,630,487,28
41,2016,3,1,803,461,29
42,2016,3,2,801,537,30
43,2016,3,3,750,526,31
44,2016,4,4,710,351,1
45,2016,4,0,647,461,4
46,2016,4,1,783,501,5
47,2016,4,2,757,516,6
48,2016,4,3,725,475,7
49,2016,4,4,683,370,8
50,2016,4,0,646,446,11
51,2016,4,1,780,495,12
52,2016,4,2,753,523,13
53,2016,4,3,756,472,14
54,2016,4,4,675,348,15
55,2016,4,0,642,466,18
56,2016,4,1,791,504,19
57,2016,4,2,741,385,20
58,2016,4,4,247,110,22
59,2016,4,0,666,449,25
60,2016,4,1,738,460,26
61,2016,4,2,694,471,27
62,2016,4,3,700,446,28
63,2016,4,4,643,370,29
64,2016,5,0,646,434,2
65,2016,5,1,689,466,3
66,2016,5,2,735,451,4
67,2016,5,3,709,464,5
68,2016,5,4,627,311,6
69,2016,5,0,621,393,9
70,2016,5,1,722,460,10
71,2016,5,2,719,436,11
72,2016,5,3,715,455,12
73,2016,5,4,670,356,13
74,2016,5,0,634,462,16
75,2016,5,1,721,480,17
76,2016,5,2,741,418,18
77,2016,5,3,745,445,19
78,2016,5,4,661,329,20
79,2016,5,0,635,444,23
80,2016,5,1,705,465,24
81,2016,5,2,690,375,25
82,2016,5,4,229,111,27
83,2016,5,0,599,435,30
84,2016,5,1,763,495,31
85,2016,6,2,743,452,1
86,2016,6,3,723,412,2
87,2016,6,4,600,300,3
88,2016,6,0,618,447,6
89,2016,6,1,742,448,7
90,2016,6,2,737,436,8
91,2016,6,3,678,464,9
92,2016,6,4,608,331,10
93,2016,6,0,652,412,13
94,2016,6,1,733,457,14
95,2016,6,2,712,453,15
96,2016,6,3,692,413,16
97,2016,6,4,602,325,17
98,2016,6,0,630,475,20
99,2016,6,1,712,466,21
100,2016,6,2,713,430,22
101,2016,6,3,761,468,23
102,2016,6,4,609,333,24
103,2016,6,0,642,449,27
104,2016,6,1,706,394,28
105,2016,6,2,700,433,29
106,2016,6,3,670,395,30
107,2016,7,4,585,279,1
108,2016,7,0,561,329,4
109,2016,7,2,683,392,6
110,2016,7,3,690,376,7
111,2016,7,4,547,251,8
112,2016,7,0,524,339,11
113,2016,7,1,576,353,12
114,2016,7,2,598,335,13
115,2016,7,3,500,260,14
116,2016,7,4,317,166,15
117,2016,7,0,267,122,18
118,2016,7,1,302,141,19
119,2016,7,2,282,89,20
120,2016,7,3,197,0,21
121,2016,7,4,151,0,22
122,2016,7,0,131,0,25
123,2016,7,1,161,0,26
124,2016,7,2,159,0,27
125,2016,7,3,143,0,28
126,2016,7,4,143,0,29
127,2016,8,0,158,0,1
128,2016,8,1,152,0,2
129,2016,8,2,169,0,3
130,2016,8,3,171,0,4
131,2016,8,4,152,0,5
132,2016,8,0,161,0,8
133,2016,8,1,178,0,9
134,2016,8,2,173,0,10
135,2016,8,3,172,0,11
136,2016,8,4,153,0,12
137,2016,8,0,267,0,15
138,2016,8,1,700,420,16
139,2016,8,2,688,431,17
140,2016,8,3,687,417,18
141,2016,8,4,540,284,19
142,2016,8,0,726,494,22
143,2016,8,1,791,469,23
144,2016,8,2,773,519,24
145,2016,8,3,804,465,25
146,2016,8,4,587,376,26
147,2016,8,0,733,519,29
148,2016,8,1,802,527,30
149,2016,8,2,791,551,31
150,2016,9,3,771,478,1
151,2016,9,4,553,347,2
152,2016,9,0,669,466,5
153,2016,9,1,729,468,6
154,2016,9,3,669,461,8
155,2016,9,4,504,276,9
156,2016,9,0,649,505,12
157,2016,9,1,776,537,13
158,2016,9,2,748,525,14
159,2016,9,3,741,408,15
160,2016,9,4,620,338,16
161,2016,9,0,673,513,19
162,2016,9,1,766,546,20
163,2016,9,2,749,536,21
164,2016,9,3,691,465,22
165,2016,9,4,576,335,23
166,2016,9,0,650,500,26
167,2016,9,1,731,531,27
168,2016,9,2,691,514,28
169,2016,9,3,573,379,29
170,2016,9,4,453,335,30
171,2016,10,0,438,321,3
172,2016,10,1,667,410,4
173,2016,10,2,689,473,5
174,2016,10,3,692,454,6
175,2016,10,4,575,403,7
176,2016,10,0,657,486,10
177,2016,10,1,719,453,11
178,2016,10,3,672,457,13
179,2016,10,4,579,322,14
180,2016,10,0,650,503,17
181,2016,10,1,743,509,18
182,2016,10,2,742,514,19
183,2016,10,3,727,450,20
184,2016,10,4,566,347,21
185,2016,10,0,521,436,24
186,2016,10,1,642,432,25
187,2016,10,2,628,400,26
188,2016,10,3,606,301,27
189,2016,10,0,639,374,31
190,2016,11,1,704,380,1
191,2016,11,3,409,302,3
192,2016,11,4,357,168,4
193,2016,11,0,618,446,7
194,2016,11,1,696,537,8
195,2016,11,2,710,461,9
196,2016,11,3,669,491,10
197,2016,11,4,529,284,11
198,2016,11,0,497,321,14
199,2016,11,2,654,458,16
200,2016,11,3,666,449,17
201,2016,11,4,523,295,18
202,2016,11,0,632,450,21
203,2016,11,1,679,489,22
204,2016,11,2,690,414,23
205,2016,11,3,641,440,24
206,2016,11,4,485,306,25
207,2016,11,0,558,450,28
208,2016,11,1,617,448,29
209,2016,11,2,591,430,30
210,2016,12,3,579,395,1
211,2016,12,4,523,268,2
212,2016,12,0,613,391,5
213,2016,12,1,626,401,6
214,2016,12,2,614,367,7
215,2016,12,4,408,233,9
216,2016,12,0,558,339,12
217,2016,12,1,532,292,13
218,2016,12,2,550,291,14
219,2016,12,3,537,337,15
220,2016,12,4,370,185,16
221,2016,12,0,251,155,19
222,2016,12,1,263,127,20
223,2016,12,2,180,110,21
224,2016,12,3,175,48,22
225,2017,1,1,99,0,3
226,2017,1,2,167,0,4
227,2017,1,3,176,0,5
228,2017,1,4,149,0,6
229,2017,1,0,148,0,9
230,2017,1,1,159,0,10
231,2017,1,2,181,0,11
232,2017,1,3,184,0,12
233,2017,1,4,129,0,13
234,2017,1,0,152,0,16
235,2017,1,1,177,0,17
236,2017,1,2,199,0,18
237,2017,1,3,225,0,19
238,2017,1,4,181,0,20
239,2017,1,0,186,107,23
240,2017,1,1,216,124,24
241,2017,1,2,235,124,25
242,2017,1,3,214,112,26
243,2017,1,4,181,103,27
244,2017,1,0,184,101,30
245,2017,1,1,211,110,31
246,2017,2,2,239,99,1
247,2017,2,3,215,92,2
248,2017,2,4,191,98,3
249,2017,2,0,181,78,6
250,2017,2,1,196,90,7
251,2017,2,2,205,102,8
252,2017,2,3,266,0,9
253,2017,2,4,180,0,10
254,2017,2,0,152,0,13
255,2017,2,1,177,0,14
256,2017,2,2,185,0,15
257,2017,2,3,158,0,16
258,2017,2,4,193,0,17
259,2017,2,0,135,0,20
260,2017,2,1,165,0,21
261,2017,2,2,175,0,22
262,2017,2,3,169,0,23
263,2017,2,4,121,0,24
264,2017,3,3,100,0,2
265,2017,3,4,117,0,3
266,2017,3,0,176,0,6
267,2017,3,1,202,0,7
268,2017,3,2,231,0,8
269,2017,3,3,259,0,9
270,2017,3,4,233,0,10
271,2017,3,0,805,567,13
272,2017,3,1,837,590,14
273,2017,3,2,838,542,15
274,2017,3,3,857,547,16
275,2017,3,4,731,356,17
276,2017,3,0,787,587,20
277,2017,3,1,859,572,21
278,2017,3,2,835,616,22
279,2017,3,3,872,560,23
280,2017,3,4,699,441,24
281,2017,3,0,750,562,27
282,2017,3,1,886,519,28
283,2017,3,2,863,587,29
284,2017,3,3,852,564,30
285,2017,3,4,725,417,31
286,2017,4,0,637,531,3
287,2017,4,1,838,548,4
288,2017,4,2,821,585,5
289,2017,4,3,867,571,6
290,2017,4,4,732,377,7
291,2017,4,0,754,527,10
292,2017,4,1,790,469,11
293,2017,4,2,658,419,12
294,2017,4,0,580,442,17
295,2017,4,1,796,499,18
296,2017,4,2,808,525,19
297,2017,4,3,740,426,20
298,2017,4,0,702,516,24
299,2017,4,1,788,543,25
300,2017,4,2,832,573,26
301,2017,4,3,833,517,27
302,2017,4,4,355,204,28
303,2017,5,1,734,491,2
304,2017,5,2,805,501,3
305,2017,5,3,807,555,4
306,2017,5,4,671,375,5
307,2017,5,0,672,502,8
308,2017,5,1,808,541,9
309,2017,5,2,823,513,10
310,2017,5,3,808,493,11
311,2017,5,4,575,304,12
312,2017,5,0,647,498,15
313,2017,5,1,823,502,16
314,2017,5,2,763,517,17
315,2017,5,3,817,507,18
316,2017,5,4,694,402,19
317,2017,5,0,707,514,22
318,2017,5,1,806,518,23
319,2017,5,2,799,537,24
320,2017,5,3,813,544,25
321,2017,5,4,689,396,26
322,2017,5,0,627,499,29
323,2017,5,1,796,553,30
324,2017,5,2,781,478,31
325,2017,6,3,812,492,1
326,2017,6,4,608,361,2
327,2017,6,0,616,506,5
328,2017,6,1,778,525,6
329,2017,6,2,768,500,7
330,2017,6,3,787,496,8
331,2017,6,4,642,359,9
332,2017,6,0,681,469,12
333,2017,6,1,779,503,13
334,2017,6,2,738,419,14
335,2017,6,4,315,158,16
336,2017,6,0,608,494,19
337,2017,6,1,786,520,20
338,2017,6,2,788,512,21
339,2017,6,3,769,484,22
340,2017,6,4,661,367,23
341,2017,6,0,635,493,26
342,2017,6,1,792,502,27
343,2017,6,2,770,490,28
344,2017,6,3,738,487,29
345,2017,6,4,565,301,30
346,2017,7,0,660,467,3
347,2017,7,1,742,461,4
348,2017,7,3,746,444,6
349,2017,7,4,591,347,7
350,2017,7,0,540,397,10
351,2017,7,1,605,375,11
352,2017,7,2,629,375,12
353,2017,7,3,588,339,13
354,2017,7,4,407,212,14
355,2017,7,0,424,291,17
356,2017,7,1,446,238,18
357,2017,7,2,429,286,19
358,2017,7,3,378,183,20
359,2017,7,4,314,154,21
360,2017,7,0,124,0,24
361,2017,7,1,125,0,25
362,2017,7,2,145,0,26
363,2017,7,3,146,0,27
364,2017,7,4,103,0,28
365,2017,7,0,132,0,31
366,2017,8,1,138,0,1
367,2017,8,2,151,0,2
368,2017,8,3,150,0,3
369,2017,8,4,132,0,4
370,2017,8,0,143,0,7
371,2017,8,1,149,0,8
372,2017,8,2,166,0,9
373,2017,8,3,176,0,10
374,2017,8,4,139,0,11
375,2017,8,0,281,0,14
376,2017,8,1,378,0,15
377,2017,8,2,687,466,16
378,2017,8,3,732,462,17
379,2017,8,4,544,326,18
380,2017,8,0,801,558,21
381,2017,8,1,947,576,22
382,2017,8,2,895,647,23
383,2017,8,3,858,539,24
384,2017,8,4,658,386,25
385,2017,8,0,777,547,28
386,2017,8,1,939,598,29
387,2017,8,2,894,588,30
388,2017,8,3,870,559,31
389,2017,9,4,705,434,1
390,2017,9,0,793,578,4
391,2017,9,1,935,530,5
392,2017,9,2,759,469,6
393,2017,9,4,232,136,8
394,2017,9,0,762,560,11
395,2017,9,1,943,589,12
396,2017,9,2,823,560,13
397,2017,9,3,869,565,14
398,2017,9,4,672,411,15
399,2017,9,0,728,554,18
400,2017,9,1,882,529,19
401,2017,9,2,784,534,20
402,2017,9,3,842,505,21
403,2017,9,4,702,428,22
404,2017,9,0,702,519,25
405,2017,9,1,891,568,26
406,2017,9,2,847,535,27
407,2017,9,3,834,556,28
408,2017,9,4,707,392,29
409,2017,10,0,704,524,2
410,2017,10,1,900,545,3
411,2017,10,2,817,532,4
412,2017,10,3,848,527,5
413,2017,10,4,668,420,6
414,2017,10,0,746,514,9
415,2017,10,1,790,480,10
416,2017,10,2,708,402,11
417,2017,10,0,700,504,16
418,2017,10,1,854,523,17
419,2017,10,2,823,546,18
420,2017,10,3,861,533,19
421,2017,10,4,698,444,20
422,2017,10,0,700,528,23
423,2017,10,1,869,512,24
424,2017,10,2,809,448,25
425,2017,10,3,610,377,26
426,2017,10,4,504,214,27
427,2017,10,0,749,523,30
428,2017,10,1,833,518,31
429,2017,11,2,767,466,1
430,2017,11,4,290,192,3
431,2017,11,0,673,495,6
432,2017,11,1,808,472,7
433,2017,11,2,860,508,8
434,2017,11,3,841,485,9
435,2017,11,4,590,399,10
436,2017,11,0,660,470,13
437,2017,11,1,849,470,14
438,2017,11,3,769,507,16
439,2017,11,4,613,371,17
440,2017,11,0,663,464,20
441,2017,11,1,825,469,21
442,2017,11,2,838,556,22
443,2017,11,3,802,508,23
444,2017,11,4,663,409,24
445,2017,11,0,656,473,27
446,2017,11,1,800,524,28
447,2017,11,2,803,538,29
448,2017,11,3,749,499,30
449,2017,12,4,637,378,1
450,2017,12,0,649,430,4
451,2017,12,1,785,456,5
452,2017,12,2,786,486,6
453,2017,12,3,750,393,7
454,2017,12,0,563,396,11
455,2017,12,1,655,393,12
456,2017,12,2,625,437,13
457,2017,12,3,613,368,14
458,2017,12,4,403,213,15
459,2017,12,0,349,230,18
460,2017,12,1,379,219,19
461,2017,12,2,386,186,20
462,2017,12,3,283,111,21
463,2018,1,0,69,0,8
464,2018,1,1,112,0,9
465,2018,1,2,122,0,10
466,2018,1,3,115,0,11
467,2018,1,4,100,0,12
468,2018,1,0,117,0,15
469,2018,1,1,156,0,16
470,2018,1,2,167,0,17
471,2018,1,3,135,0,18
472,2018,1,4,120,0,19
473,2018,1,0,156,0,22
474,2018,1,1,151,0,23
475,2018,1,2,149,0,24
476,2018,1,3,130,0,25
477,2018,1,4,114,0,26
478,2018,1,0,144,0,29
479,2018,1,1,178,0,30
480,2018,1,2,179,0,31
481,2018,2,3,139,0,1
482,2018,2,4,119,0,2
483,2018,2,0,153,0,5
484,2018,2,1,155,0,6
485,2018,2,2,177,0,7
486,2018,2,3,175,0,8
487,2018,2,4,116,0,9
488,2018,2,3,127,0,15
489,2018,2,4,131,0,16
490,2018,2,0,189,0,19
491,2018,2,1,242,0,20
492,2018,2,2,301,0,21
493,2018,2,3,604,360,22
494,2018,2,4,446,219,23
495,2018,2,0,743,489,26
496,2018,2,1,825,519,27
497,2018,2,2,811,425,28
498,2018,3,3,796,470,1
499,2018,3,4,620,278,2
500,2018,3,0,695,507,5
501,2018,3,1,858,546,6
502,2018,3,2,902,525,7
503,2018,3,3,896,514,8
504,2018,3,4,751,400,9
505,2018,3,0,730,524,12
506,2018,3,1,844,525,13
507,2018,3,2,847,530,14
508,2018,3,3,829,516,15
509,2018,3,4,630,305,16
510,2018,3,1,617,465,20
511,2018,3,2,786,396,21
512,2018,3,3,834,519,22
513,2018,3,4,650,328,23
514,2018,3,0,771,543,26
515,2018,3,1,823,333,27
516,2018,3,2,763,395,28
517,2018,4,0,713,491,2
518,2018,4,1,852,539,3
519,2018,4,2,830,516,4
520,2018,4,3,889,527,5
521,2018,4,4,696,405,6
522,2018,4,0,772,488,9
523,2018,4,1,883,470,10
524,2018,4,2,878,481,11
525,2018,4,3,851,462,12
526,2018,4,4,726,364,13
527,2018,4,0,728,485,16
528,2018,4,1,851,501,17
529,2018,4,2,812,490,18
530,2018,4,3,799,439,19
531,2018,4,4,596,330,20
532,2018,4,0,761,486,23
533,2018,4,1,853,494,24
534,2018,4,2,794,510,25
535,2018,4,3,763,419,26
536,2018,4,4,597,334,27
537,2018,4,0,297,146,30
538,2018,5,2,765,469,2
539,2018,5,3,811,485,3
540,2018,5,4,652,362,4
541,2018,5,0,705,486,7
542,2018,5,1,827,502,8
543,2018,5,2,802,450,9
544,2018,5,3,832,475,10
545,2018,5,4,611,307,11
546,2018,5,0,651,483,14
547,2018,5,1,803,476,15
548,2018,5,2,774,472,16
549,2018,5,3,767,438,17
550,2018,5,4,650,359,18
551,2018,5,0,698,464,21
552,2018,5,1,795,486,22
553,2018,5,2,819,469,23
554,2018,5,3,710,483,24
555,2018,5,4,572,283,25
556,2018,5,0,669,433,28
557,2018,5,1,776,490,29
558,2018,5,2,686,381,30
559,2018,6,4,242,129,1
560,2018,6,0,660,486,4
561,2018,6,1,821,527,5
562,2018,6,2,828,471,6
563,2018,6,3,811,461,7
564,2018,6,4,650,371,8
565,2018,6,0,715,460,11
566,2018,6,1,761,449,12
567,2018,6,2,787,403,13
568,2018,6,3,751,438,14
569,2018,6,4,639,374,15
570,2018,6,0,624,428,18
571,2018,6,1,774,447,19
572,2018,6,2,756,429,20
573,2018,6,3,741,355,21
574,2018,6,0,529,382,25
575,2018,6,1,577,334,26
576,2018,6,2,374,0,27
577,2018,6,3,419,261,28
578,2018,6,4,356,163,29
579,2018,7,1,276,148,3
580,2018,7,2,186,0,4
581,2018,7,4,68,0,6
582,2018,7,0,115,0,9
583,2018,7,1,123,0,10
584,2018,7,2,125,0,11
585,2018,7,3,112,0,12
586,2018,7,4,94,0,13
587,2018,7,0,115,0,16
588,2018,7,1,119,0,17
589,2018,7,2,115,0,18
590,2018,7,3,91,0,19
591,2018,7,4,84,0,20
592,2018,7,0,94,0,23
593,2018,7,1,111,0,24
594,2018,7,2,118,0,25
595,2018,7,3,116,0,26
596,2018,7,4,122,0,27
597,2018,7,0,128,0,30
598,2018,7,1,160,0,31
599,2018,8,2,176,0,1
600,2018,8,3,162,0,2
601,2018,8,4,142,0,3
602,2018,8,0,732,486,6
603,2018,8,1,896,560,7
604,2018,8,2,877,530,8
605,2018,8,3,862,526,9
606,2018,8,4,604,340,10
607,2018,8,0,790,520,13
608,2018,8,1,876,553,14
609,2018,8,2,775,548,15
610,2018,8,3,799,555,16
611,2018,8,4,680,415,17
612,2018,8,0,778,567,20
613,2018,8,1,903,587,21
614,2018,8,2,862,584,22
615,2018,8,3,853,591,23
616,2018,8,4,640,359,24
617,2018,8,0,788,549,27
618,2018,8,1,898,561,28
619,2018,8,2,848,564,29
620,2018,8,3,845,550,30
621,2018,8,4,677,420,31
622,2018,9,0,799,567,3
623,2018,9,1,902,569,4
624,2018,9,2,817,529,5
625,2018,9,3,695,398,6
626,2018,9,0,732,546,10
627,2018,9,1,897,585,11
628,2018,9,2,786,581,12
629,2018,9,3,814,571,13
630,2018,9,4,643,403,14
631,2018,9,0,757,557,17
632,2018,9,1,853,538,18
633,2018,9,2,833,543,19
634,2018,9,3,809,530,20
635,2018,9,4,678,353,21
636,2018,9,0,739,518,24
637,2018,9,1,877,517,25
638,2018,9,2,815,522,26
639,2018,9,3,793,550,27
640,2018,9,4,592,370,28
641,2018,10,0,723,480,1
642,2018,10,1,855,505,2
643,2018,10,2,827,547,3
644,2018,10,3,803,487,4
645,2018,10,4,579,300,5
646,2018,10,0,645,484,8
647,2018,10,1,862,490,9
648,2018,10,2,781,497,10
649,2018,10,3,716,397,11
650,2018,10,1,711,507,16
651,2018,10,2,775,523,17
652,2018,10,3,776,534,18
653,2018,10,4,685,386,19
654,2018,10,0,725,499,22
655,2018,10,1,846,549,23
656,2018,10,2,767,518,24
657,2018,10,3,779,453,25
658,2018,10,4,586,308,26
659,2018,10,0,498,389,29
660,2018,10,1,550,378,30
661,2018,10,2,538,307,31
662,2018,11,3,489,352,1
663,2018,11,0,707,504,5
664,2018,11,1,836,544,6
665,2018,11,2,831,518,7
666,2018,11,3,835,492,8
667,2018,11,4,674,372,9
668,2018,11,0,678,498,12
669,2018,11,1,859,504,13
670,2018,11,2,746,418,14
671,2018,11,4,324,181,16
672,2018,11,0,710,489,19
673,2018,11,1,792,488,20
674,2018,11,2,801,492,21
675,2018,11,3,744,460,22
676,2018,11,4,583,310,23
677,2018,11,0,686,400,26
678,2018,11,1,778,438,27
679,2018,11,2,791,426,28
680,2018,11,3,716,464,29
681,2018,11,4,600,321,30
682,2018,12,0,592,385,3
683,2018,12,1,655,390,4
684,2018,12,2,668,359,5
685,2018,12,3,601,331,6
686,2018,12,4,383,188,7
687,2018,12,0,342,155,10
688,2018,12,1,414,227,11
689,2018,12,2,400,203,12
690,2018,12,3,307,155,13
691,2018,12,4,235,101,14
692,2018,12,0,122,0,17
693,2018,12,1,121,0,18
694,2018,12,2,141,0,19
695,2019,1,0,113,0,7
696,2019,1,1,111,0,8
697,2019,1,2,126,0,9
698,2019,1,3,111,0,10
699,2019,1,4,85,0,11
700,2019,1,0,117,0,14
701,2019,1,1,127,0,15
702,2019,1,2,157,0,16
703,2019,1,3,111,0,17
704,2019,1,4,114,0,18
705,2019,1,0,149,0,21
706,2019,1,1,156,0,22
707,2019,1,2,179,0,23
708,2019,1,3,188,0,24
709,2019,1,4,143,0,25
710,2019,1,0,215,0,28
711,2019,1,1,217,0,29
712,2019,1,2,190,0,30
713,2019,1,3,206,0,31
714,2019,2,4,189,0,1
715,2019,2,0,228,0,4
716,2019,2,1,205,0,5
717,2019,2,2,217,0,6
718,2019,2,3,209,0,7
719,2019,2,4,174,0,8
720,2019,2,0,219,0,11
721,2019,2,1,225,0,12
722,2019,2,2,246,0,13
723,2019,2,3,238,0,14
724,2019,2,4,215,0,15
725,2019,2,0,666,445,18
726,2019,2,1,837,559,19
727,2019,2,2,870,479,20
728,2019,2,3,874,481,21
729,2019,2,4,696,387,22
730,2019,2,0,812,558,25
731,2019,2,1,950,544,26
732,2019,2,2,873,522,27
733,2019,2,3,879,526,28
734,2019,3,4,542,295,1
735,2019,3,3,603,426,7
736,2019,3,4,563,351,8
737,2019,3,0,789,516,11
738,2019,3,1,928,558,12
739,2019,3,2,870,558,13
740,2019,3,3,861,529,14
741,2019,3,4,699,402,15
742,2019,3,0,668,410,18
743,2019,3,2,850,547,20
744,2019,3,3,876,510,21
745,2019,3,4,696,388,22
746,2019,3,1,856,552,26
747,2019,3,2,822,543,27
748,2019,3,3,830,511,28
749,2019,3,4,687,341,29
750,2019,4,0,719,489,1
751,2019,4,1,808,512,2
752,2019,4,2,839,499,3
753,2019,4,3,791,511,4
754,2019,4,4,667,437,5
755,2019,4,0,703,500,8
756,2019,4,1,844,535,9
757,2019,4,2,811,547,10
758,2019,4,3,791,512,11
759,2019,4,4,568,0,12
760,2019,4,0,743,474,15
761,2019,4,1,865,541,16
762,2019,4,2,729,391,17
763,2019,4,0,660,487,22
764,2019,4,1,858,556,23
765,2019,4,2,812,504,24
766,2019,4,3,785,506,25
767,2019,4,4,672,408,26
768,2019,4,0,738,495,29
769,2019,4,1,874,485,30
770,2019,5,3,805,546,2
771,2019,5,4,693,380,3
772,2019,5,0,780,536,6
773,2019,5,1,880,581,7
774,2019,5,2,971,546,8
775,2019,5,3,843,538,9
776,2019,5,4,655,379,10
777,2019,5,0,684,513,13
778,2019,5,1,873,583,14
779,2019,5,2,699,450,15
780,2019,5,3,818,600,16
781,2019,5,4,771,447,17
782,2019,5,0,775,546,20
783,2019,5,1,963,559,21
784,2019,5,2,876,598,22
785,2019,5,3,937,581,23
786,2019,5,4,708,397,24
787,2019,5,0,725,574,27
788,2019,5,1,954,653,28
789,2019,5,2,905,575,29
790,2019,5,3,919,557,30
791,2019,5,4,757,379,31
792,2019,6,0,725,557,3
793,2019,6,1,931,598,4
794,2019,6,2,939,591,5
795,2019,6,3,868,553,6
796,2019,6,4,715,398,7
797,2019,6,0,746,551,10
798,2019,6,1,944,565,11
799,2019,6,2,901,536,12
800,2019,6,3,832,486,13
801,2019,6,4,579,302,14
802,2019,6,0,746,548,17
803,2019,6,1,915,506,18
804,2019,6,2,803,448,19
805,2019,6,4,468,230,21
806,2019,6,0,664,443,24
807,2019,6,1,678,429,25
808,2019,6,2,653,405,26
809,2019,6,3,593,355,27
810,2019,6,4,461,245,28
811,2019,7,0,368,255,1
812,2019,7,1,466,260,2
813,2019,7,2,402,208,3
814,2019,7,3,297,146,4
815,2019,7,0,139,0,8
816,2019,7,1,153,0,9
817,2019,7,2,153,0,10
818,2019,7,3,130,0,11
819,2019,7,4,113,0,12
820,2019,7,0,118,28,15
821,2019,7,1,149,26,16
822,2019,7,2,140,26,17
823,2019,7,3,133,21,18
824,2019,7,4,94,0,19
825,2019,7,0,118,0,22
826,2019,7,1,125,0,23
827,2019,7,2,127,0,24
828,2019,7,3,120,0,25
829,2019,7,4,130,0,26
830,2019,7,0,135,0,29
831,2019,7,1,129,0,30
832,2019,7,2,135,0,31
833,2019,8,3,150,0,1
834,2019,8,4,133,0,2
835,2019,8,0,801,544,5
836,2019,8,1,912,539,6
837,2019,8,2,927,587,7
838,2019,8,3,948,550,8
839,2019,8,4,661,338,9
840,2019,8,0,834,633,12
841,2019,8,1,1006,643,13
842,2019,8,2,975,642,14
843,2019,8,3,913,602,15
844,2019,8,4,750,407,16
845,2019,8,0,863,609,19
846,2019,8,1,1022,663,20
847,2019,8,2,991,628,21
848,2019,8,3,969,649,22
849,2019,8,4,773,406,23
850,2019,8,0,824,593,26
851,2019,8,1,957,664,27
852,2019,8,2,989,714,28
853,2019,8,3,931,577,29
854,2019,8,4,679,368,30
855,2019,9,0,839,607,2
856,2019,9,1,958,654,3
857,2019,9,2,918,670,4
858,2019,9,3,938,591,5
859,2019,9,4,724,357,6
860,2019,9,0,824,579,9
861,2019,9,1,963,640,10
862,2019,9,2,962,640,11
863,2019,9,3,952,611,12
864,2019,9,4,781,405,13
865,2019,9,0,867,587,16
866,2019,9,1,991,651,17
867,2019,9,2,927,655,18
868,2019,9,3,956,650,19
869,2019,9,4,752,384,20
870,2019,9,0,817,598,23
871,2019,9,1,970,615,24
872,2019,9,2,966,607,25
873,2019,9,3,845,547,26
874,2019,9,4,717,357,27
875,2019,9,0,814,563,30
876,2019,10,1,910,629,1
877,2019,10,2,919,581,2
878,2019,10,3,839,554,3
879,2019,10,4,684,324,4
880,2019,10,0,774,530,7
881,2019,10,1,924,579,8
882,2019,10,2,849,585,9
883,2019,10,3,812,534,10
884,2019,10,4,698,353,11
885,2019,10,1,821,616,15
886,2019,10,2,907,611,16
887,2019,10,3,842,553,17
888,2019,10,4,678,365,18
889,2019,10,0,775,582,21
890,2019,10,1,908,639,22
891,2019,10,2,908,599,23
892,2019,10,3,803,501,24
893,2019,10,4,589,298,25
894,2019,10,1,836,550,29
895,2019,10,2,866,567,30
896,2019,10,3,782,539,31
897,2019,11,4,640,333,1
898,2019,11,0,798,533,4
899,2019,11,1,915,562,5
900,2019,11,2,852,581,6
901,2019,11,3,809,485,7
902,2019,11,4,677,329,8
903,2019,11,0,743,526,11
904,2019,11,1,865,599,12
905,2019,11,2,871,583,13
906,2019,11,3,717,398,14
907,2019,11,0,745,519,18
908,2019,11,1,873,545,19
909,2019,11,2,819,546,20
910,2019,11,3,834,519,21
911,2019,11,4,656,350,22
912,2019,11,0,735,514,25
913,2019,11,1,823,499,26
914,2019,11,2,806,507,27
915,2019,11,3,776,480,28
916,2019,11,4,599,256,29
917,2019,12,0,645,473,2
918,2019,12,1,702,408,3
919,2019,12,2,664,383,4
920,2019,12,3,629,352,5
921,2019,12,4,487,224,6
922,2019,12,0,378,255,9
923,2019,12,1,410,212,10
924,2019,12,2,393,177,11
925,2019,12,3,333,140,12
926,2019,12,4,238,76,13
927,2019,12,0,130,0,16
928,2019,12,1,134,0,17
929,2019,12,2,150,0,18
930,2019,12,3,120,0,19
931,2019,12,4,106,0,20
932,2020,1,0,82,0,6
933,2020,1,1,91,0,7
934,2020,1,2,132,0,8
935,2020,1,3,114,0,9
936,2020,1,4,80,0,10
937,2020,1,0,94,0,13
938,2020,1,1,118,0,14
939,2020,1,2,138,0,15
940,2020,1,3,122,0,16
941,2020,1,4,94,0,17
942,2020,1,0,115,0,20
943,2020,1,1,171,0,21
944,2020,1,2,160,0,22
945,2020,1,3,147,0,23
946,2020,1,4,153,0,24
947,2020,1,0,102,0,27
948,2020,1,1,138,0,28
949,2020,1,2,155,0,29
950,2020,1,3,142,0,30
951,2020,1,4,131,0,31
952,2020,2,0,219,45,3
953,2020,2,1,261,55,4
954,2020,2,2,223,35,5
955,2020,2,3,210,38,6
956,2020,2,4,136,0,7
957,2020,2,0,129,0,10
958,2020,2,1,143,0,11
959,2020,2,2,173,0,12
960,2020,2,3,149,0,13
961,2020,2,4,184,0,14
962,2020,2,0,723,503,17
963,2020,2,1,961,577,18
964,2020,2,2,912,413,19
965,2020,2,3,779,379,20
966,2020,2,4,487,132,21
967,2020,2,3,689,501,27
968,2020,2,4,657,289,28
969,2020,3,0,847,614,2
970,2020,3,1,1033,687,3
971,2020,3,2,830,608,4
972,2020,3,3,944,691,5
973,2020,3,4,823,353,6
974,2020,3,0,843,639,9
975,2020,3,1,1001,626,10
976,2020,3,2,1002,611,11
977,2020,3,3,953,549,12
978,2020,3,4,795,410,13
979,2020,3,0,646,328,16
980,2020,3,1,104,31,17
981,2020,3,2,31,12,18
982,2020,3,4,12,9,20
983,2020,3,0,9,6,23
984,2020,3,1,10,9,24
985,2020,3,3,11,13,26
986,2020,3,4,15,14,27
987,2020,3,0,13,12,30
988,2020,3,1,14,9,31
