dia,Data,ano,mes,dia_semana,Qt_almoco,Qt_jantar
0,2016-01-04,2016,1,0,364,294
1,2016-01-05,2016,1,1,489,363
2,2016-01-06,2016,1,2,522,401
3,2016-01-07,2016,1,3,514,349
4,2016-01-08,2016,1,4,409,218
5,2016-01-11,2016,1,0,462,372
6,2016-01-12,2016,1,1,575,435
7,2016-01-13,2016,1,2,525,388
8,2016-01-14,2016,1,3,545,341
9,2016-01-15,2016,1,4,434,261
10,2016-01-18,2016,1,0,424,371
11,2016-01-19,2016,1,1,499,391
12,2016-01-20,2016,1,2,501,398
13,2016-01-21,2016,1,3,525,382
14,2016-01-22,2016,1,4,452,265
15,2016-01-25,2016,1,0,484,332
16,2016-01-26,2016,1,1,514,385
17,2016-01-27,2016,1,2,514,343
18,2016-01-28,2016,1,3,535,325
19,2016-01-29,2016,1,4,412,219
20,2016-02-01,2016,2,0,404,302
21,2016-02-02,2016,2,1,504,328
22,2016-02-03,2016,2,2,427,324
23,2016-02-04,2016,2,3,462,258
24,2016-02-05,2016,2,4,285,116
25,2016-02-11,2016,2,3,132,97
26,2016-02-12,2016,2,4,153,82
27,2016-02-15,2016,2,0,189,147
28,2016-02-16,2016,2,1,266,150
29,2016-02-17,2016,2,2,250,123
30,2016-02-18,2016,2,3,216,100
31,2016-02-19,2016,2,4,205,74
32,2016-03-14,2016,3,0,585,388
33,2016-03-15,2016,3,1,733,464
34,2016-03-16,2016,3,2,716,470
35,2016-03-17,2016,3,3,727,452
36,2016-03-18,2016,3,4,620,312
37,2016-03-21,2016,3,0,654,498
38,2016-03-22,2016,3,1,752,449
39,2016-03-23,2016,3,2,668,337
40,2016-03-28,2016,3,0,630,487
41,2016-03-29,2016,3,1,803,461
42,2016-03-30,2016,3,2,801,537
43,2016-03-31,2016,3,3,750,526
44,2016-04-01,2016,4,4,710,351
45,2016-04-04,2016,4,0,647,461
46,2016-04-05,2016,4,1,783,501
47,2016-04-06,2016,4,2,757,516
48,2016-04-07,2016,4,3,725,475
49,2016-04-08,2016,4,4,683,370
50,2016-04-11,2016,4,0,646,446
51,2016-04-12,2016,4,1,780,495
52,2016-04-13,2016,4,2,753,523
53,2016-04-14,2016,4,3,756,472
54,2016-04-15,2016,4,4,675,348
55,2016-04-18,2016,4,0,642,466
56,2016-04-19,2016,4,1,791,504
57,2016-04-20,2016,4,2,741,385
58,2016-04-22,2016,4,4,247,110
59,2016-04-25,2016,4,0,666,449
60,2016-04-26,2016,4,1,738,460
61,2016-04-27,2016,4,2,694,471
62,2016-04-28,2016,4,3,700,446
63,2016-04-29,2016,4,4,643,370
64,2016-05-02,2016,5,0,646,434
65,2016-05-03,2016,5,1,689,466
66,2016-05-04,2016,5,2,735,451
67,2016-05-05,2016,5,3,709,464
68,2016-05-06,2016,5,4,627,311
69,2016-05-09,2016,5,0,621,393
70,2016-05-10,2016,5,1,722,460
71,2016-05-11,2016,5,2,719,436
72,2016-05-12,2016,5,3,715,455
73,2016-05-13,2016,5,4,670,356
74,2016-05-16,2016,5,0,634,462
75,2016-05-17,2016,5,1,721,480
76,2016-05-18,2016,5,2,741,418
77,2016-05-19,2016,5,3,745,445
78,2016-05-20,2016,5,4,661,329
79,2016-05-23,2016,5,0,635,444
80,2016-05-24,2016,5,1,705,465
81,2016-05-25,2016,5,2,690,375
82,2016-05-27,2016,5,4,229,111
83,2016-05-30,2016,5,0,599,435
84,2016-05-31,2016,5,1,763,495
85,2016-06-01,2016,6,2,743,452
86,2016-06-02,2016,6,3,723,412
87,2016-06-03,2016,6,4,600,300
88,2016-06-06,2016,6,0,618,447
89,2016-06-07,2016,6,1,742,448
90,2016-06-08,2016,6,2,737,436
91,2016-06-09,2016,6,3,678,464
92,2016-06-10,2016,6,4,608,331
93,2016-06-13,2016,6,0,652,412
94,2016-06-14,2016,6,1,733,457
95,2016-06-15,2016,6,2,712,453
96,2016-06-16,2016,6,3,692,413
97,2016-06-17,2016,6,4,602,325
98,2016-06-20,2016,6,0,630,475
99,2016-06-21,2016,6,1,712,466
100,2016-06-22,2016,6,2,713,430
101,2016-06-23,2016,6,3,761,468
102,2016-06-24,2016,6,4,609,333
103,2016-06-27,2016,6,0,642,449
104,2016-06-28,2016,6,1,706,394
105,2016-06-29,2016,6,2,700,433
106,2016-06-30,2016,6,3,670,395
107,2016-07-01,2016,7,4,585,279
108,2016-07-04,2016,7,0,561,329
109,2016-07-06,2016,7,2,683,392
110,2016-07-07,2016,7,3,690,376
111,2016-07-08,2016,7,4,547,251
112,2016-07-11,2016,7,0,524,339
113,2016-07-12,2016,7,1,576,353
114,2016-07-13,2016,7,2,598,335
115,2016-07-14,2016,7,3,500,260
116,2016-07-15,2016,7,4,317,166
117,2016-07-18,2016,7,0,267,122
118,2016-07-19,2016,7,1,302,141
119,2016-07-20,2016,7,2,282,89
120,2016-07-21,2016,7,3,197,0
121,2016-07-22,2016,7,4,151,0
122,2016-07-25,2016,7,0,131,0
123,2016-07-26,2016,7,1,161,0
124,2016-07-27,2016,7,2,159,0
125,2016-07-28,2016,7,3,143,0
126,2016-07-29,2016,7,4,143,0
127,2016-08-01,2016,8,0,158,0
128,2016-08-02,2016,8,1,152,0
129,2016-08-03,2016,8,2,169,0
130,2016-08-04,2016,8,3,171,0
131,2016-08-05,2016,8,4,152,0
132,2016-08-08,2016,8,0,161,0
133,2016-08-09,2016,8,1,178,0
134,2016-08-10,2016,8,2,173,0
135,2016-08-11,2016,8,3,172,0
136,2016-08-12,2016,8,4,153,0
137,2016-08-15,2016,8,0,267,0
138,2016-08-16,2016,8,1,700,420
139,2016-08-17,2016,8,2,688,431
140,2016-08-18,2016,8,3,687,417
141,2016-08-19,2016,8,4,540,284
142,2016-08-22,2016,8,0,726,494
143,2016-08-23,2016,8,1,791,469
144,2016-08-24,2016,8,2,773,519
145,2016-08-25,2016,8,3,804,465
146,2016-08-26,2016,8,4,587,376
147,2016-08-29,2016,8,0,733,519
148,2016-08-30,2016,8,1,802,527
149,2016-08-31,2016,8,2,791,551
150,2016-09-01,2016,9,3,771,478
151,2016-09-02,2016,9,4,553,347
152,2016-09-05,2016,9,0,669,466
153,2016-09-06,2016,9,1,729,468
154,2016-09-08,2016,9,3,669,461
155,2016-09-09,2016,9,4,504,276
156,2016-09-12,2016,9,0,649,505
157,2016-09-13,2016,9,1,776,537
158,2016-09-14,2016,9,2,748,525
159,2016-09-15,2016,9,3,741,408
160,2016-09-16,2016,9,4,620,338
161,2016-09-19,2016,9,0,673,513
162,2016-09-20,2016,9,1,766,546
163,2016-09-21,2016,9,2,749,536
164,2016-09-22,2016,9,3,691,465
165,2016-09-23,2016,9,4,576,335
166,2016-09-26,2016,9,0,650,500
167,2016-09-27,2016,9,1,731,531
168,2016-09-28,2016,9,2,691,514
169,2016-09-29,2016,9,3,573,379
170,2016-09-30,2016,9,4,453,335
171,2016-10-03,2016,10,0,438,321
172,2016-10-04,2016,10,1,667,410
173,2016-10-05,2016,10,2,689,473
174,2016-10-06,2016,10,3,692,454
175,2016-10-07,2016,10,4,575,403
176,2016-10-10,2016,10,0,657,486
177,2016-10-11,2016,10,1,719,453
178,2016-10-13,2016,10,3,672,457
179,2016-10-14,2016,10,4,579,322
180,2016-10-17,2016,10,0,650,503
181,2016-10-18,2016,10,1,743,509
182,2016-10-19,2016,10,2,742,514
183,2016-10-20,2016,10,3,727,450
184,2016-10-21,2016,10,4,566,347
185,2016-10-24,2016,10,0,521,436
186,2016-10-25,2016,10,1,642,432
187,2016-10-26,2016,10,2,628,400
188,2016-10-27,2016,10,3,606,301
189,2016-10-31,2016,10,0,639,374
190,2016-11-01,2016,11,1,704,380
191,2016-11-03,2016,11,3,409,302
192,2016-11-04,2016,11,4,357,168
193,2016-11-07,2016,11,0,618,446
194,2016-11-08,2016,11,1,696,537
195,2016-11-09,2016,11,2,710,461
196,2016-11-10,2016,11,3,669,491
197,2016-11-11,2016,11,4,529,284
198,2016-11-14,2016,11,0,497,321
199,2016-11-16,2016,11,2,654,458
200,2016-11-17,2016,11,3,666,449
201,2016-11-18,2016,11,4,523,295
202,2016-11-21,2016,11,0,632,450
203,2016-11-22,2016,11,1,679,489
204,2016-11-23,2016,11,2,690,414
205,2016-11-24,2016,11,3,641,440
206,2016-11-25,2016,11,4,485,306
207,2016-11-28,2016,11,0,558,450
208,2016-11-29,2016,11,1,617,448
209,2016-11-30,2016,11,2,591,430
210,2016-12-01,2016,12,3,579,395
211,2016-12-02,2016,12,4,523,268
212,2016-12-05,2016,12,0,613,391
213,2016-12-06,2016,12,1,626,401
214,2016-12-07,2016,12,2,614,367
215,2016-12-09,2016,12,4,408,233
216,2016-12-12,2016,12,0,558,339
217,2016-12-13,2016,12,1,532,292
218,2016-12-14,2016,12,2,550,291
219,2016-12-15,2016,12,3,537,337
220,2016-12-16,2016,12,4,370,185
221,2016-12-19,2016,12,0,251,155
222,2016-12-20,2016,12,1,263,127
223,2016-12-21,2016,12,2,180,110
224,2016-12-22,2016,12,3,175,48
225,2017-01-03,2017,1,1,99,0
226,2017-01-04,2017,1,2,167,0
227,2017-01-05,2017,1,3,176,0
228,2017-01-06,2017,1,4,149,0
229,2017-01-09,2017,1,0,148,0
230,2017-01-10,2017,1,1,159,0
231,2017-01-11,2017,1,2,181,0
232,2017-01-12,2017,1,3,184,0
233,2017-01-13,2017,1,4,129,0
234,2017-01-16,2017,1,0,152,0
235,2017-01-17,2017,1,1,177,0
236,2017-01-18,2017,1,2,199,0
237,2017-01-19,2017,1,3,225,0
238,2017-01-20,2017,1,4,181,0
239,2017-01-23,2017,1,0,186,107
240,2017-01-24,2017,1,1,216,124
241,2017-01-25,2017,1,2,235,124
242,2017-01-26,2017,1,3,214,112
243,2017-01-27,2017,1,4,181,103
244,2017-01-30,2017,1,0,184,101
245,2017-01-31,2017,1,1,211,110
246,2017-02-01,2017,2,2,239,99
247,2017-02-02,2017,2,3,215,92
248,2017-02-03,2017,2,4,191,98
249,2017-02-06,2017,2,0,181,78
250,2017-02-07,2017,2,1,196,90
251,2017-02-08,2017,2,2,205,102
252,2017-02-09,2017,2,3,266,0
253,2017-02-10,2017,2,4,180,0
254,2017-02-13,2017,2,0,152,0
255,2017-02-14,2017,2,1,177,0
256,2017-02-15,2017,2,2,185,0
257,2017-02-16,2017,2,3,158,0
258,2017-02-17,2017,2,4,193,0
259,2017-02-20,2017,2,0,135,0
260,2017-02-21,2017,2,1,165,0
261,2017-02-22,2017,2,2,175,0
262,2017-02-23,2017,2,3,169,0
263,2017-02-24,2017,2,4,121,0
264,2017-03-02,2017,3,3,100,0
265,2017-03-03,2017,3,4,117,0
266,2017-03-06,2017,3,0,176,0
267,2017-03-07,2017,3,1,202,0
268,2017-03-08,2017,3,2,231,0
269,2017-03-09,2017,3,3,259,0
270,2017-03-10,2017,3,4,233,0
271,2017-03-13,2017,3,0,805,567
272,2017-03-14,2017,3,1,837,590
273,2017-03-15,2017,3,2,838,542
274,2017-03-16,2017,3,3,857,547
275,2017-03-17,2017,3,4,731,356
276,2017-03-20,2017,3,0,787,587
277,2017-03-21,2017,3,1,859,572
278,2017-03-22,2017,3,2,835,616
279,2017-03-23,2017,3,3,872,560
280,2017-03-24,2017,3,4,699,441
281,2017-03-27,2017,3,0,750,562
282,2017-03-28,2017,3,1,886,519
283,2017-03-29,2017,3,2,863,587
284,2017-03-30,2017,3,3,852,564
285,2017-03-31,2017,3,4,725,417
286,2017-04-03,2017,4,0,637,531
287,2017-04-04,2017,4,1,838,548
288,2017-04-05,2017,4,2,821,585
289,2017-04-06,2017,4,3,867,571
290,2017-04-07,2017,4,4,732,377
291,2017-04-10,2017,4,0,754,527
292,2017-04-11,2017,4,1,790,469
293,2017-04-12,2017,4,2,658,419
294,2017-04-17,2017,4,0,580,442
295,2017-04-18,2017,4,1,796,499
296,2017-04-19,2017,4,2,808,525
297,2017-04-20,2017,4,3,740,426
298,2017-04-24,2017,4,0,702,516
299,2017-04-25,2017,4,1,788,543
300,2017-04-26,2017,4,2,832,573
301,2017-04-27,2017,4,3,833,517
302,2017-04-28,2017,4,4,355,204
303,2017-05-02,2017,5,1,734,491
304,2017-05-03,2017,5,2,805,501
305,2017-05-04,2017,5,3,807,555
306,2017-05-05,2017,5,4,671,375
307,2017-05-08,2017,5,0,672,502
308,2017-05-09,2017,5,1,808,541
309,2017-05-10,2017,5,2,823,513
310,2017-05-11,2017,5,3,808,493
311,2017-05-12,2017,5,4,575,304
312,2017-05-15,2017,5,0,647,498
313,2017-05-16,2017,5,1,823,502
314,2017-05-17,2017,5,2,763,517
315,2017-05-18,2017,5,3,817,507
316,2017-05-19,2017,5,4,694,402
317,2017-05-22,2017,5,0,707,514
318,2017-05-23,2017,5,1,806,518
319,2017-05-24,2017,5,2,799,537
320,2017-05-25,2017,5,3,813,544
321,2017-05-26,2017,5,4,689,396
322,2017-05-29,2017,5,0,627,499
323,2017-05-30,2017,5,1,796,553
324,2017-05-31,2017,5,2,781,478
325,2017-06-01,2017,6,3,812,492
326,2017-06-02,2017,6,4,608,361
327,2017-06-05,2017,6,0,616,506
328,2017-06-06,2017,6,1,778,525
329,2017-06-07,2017,6,2,768,500
330,2017-06-08,2017,6,3,787,496
331,2017-06-09,2017,6,4,642,359
332,2017-06-12,2017,6,0,681,469
333,2017-06-13,2017,6,1,779,503
334,2017-06-14,2017,6,2,738,419
335,2017-06-16,2017,6,4,315,158
336,2017-06-19,2017,6,0,608,494
337,2017-06-20,2017,6,1,786,520
338,2017-06-21,2017,6,2,788,512
339,2017-06-22,2017,6,3,769,484
340,2017-06-23,2017,6,4,661,367
341,2017-06-26,2017,6,0,635,493
342,2017-06-27,2017,6,1,792,502
343,2017-06-28,2017,6,2,770,490
344,2017-06-29,2017,6,3,738,487
345,2017-06-30,2017,6,4,565,301
346,2017-07-03,2017,7,0,660,467
347,2017-07-04,2017,7,1,742,461
348,2017-07-06,2017,7,3,746,444
349,2017-07-07,2017,7,4,591,347
350,2017-07-10,2017,7,0,540,397
351,2017-07-11,2017,7,1,605,375
352,2017-07-12,2017,7,2,629,375
353,2017-07-13,2017,7,3,588,339
354,2017-07-14,2017,7,4,407,212
355,2017-07-17,2017,7,0,424,291
356,2017-07-18,2017,7,1,446,238
357,2017-07-19,2017,7,2,429,286
358,2017-07-20,2017,7,3,378,183
359,2017-07-21,2017,7,4,314,154
360,2017-07-24,2017,7,0,124,0
361,2017-07-25,2017,7,1,125,0
362,2017-07-26,2017,7,2,145,0
363,2017-07-27,2017,7,3,146,0
364,2017-07-28,2017,7,4,103,0
365,2017-07-31,2017,7,0,132,0
366,2017-08-01,2017,8,1,138,0
367,2017-08-02,2017,8,2,151,0
368,2017-08-03,2017,8,3,150,0
369,2017-08-04,2017,8,4,132,0
370,2017-08-07,2017,8,0,143,0
371,2017-08-08,2017,8,1,149,0
372,2017-08-09,2017,8,2,166,0
373,2017-08-10,2017,8,3,176,0
374,2017-08-11,2017,8,4,139,0
375,2017-08-14,2017,8,0,281,0
376,2017-08-15,2017,8,1,378,0
377,2017-08-16,2017,8,2,687,466
378,2017-08-17,2017,8,3,732,462
379,2017-08-18,2017,8,4,544,326
380,2017-08-21,2017,8,0,801,558
381,2017-08-22,2017,8,1,947,576
382,2017-08-23,2017,8,2,895,647
383,2017-08-24,2017,8,3,858,539
384,2017-08-25,2017,8,4,658,386
385,2017-08-28,2017,8,0,777,547
386,2017-08-29,2017,8,1,939,598
387,2017-08-30,2017,8,2,894,588
388,2017-08-31,2017,8,3,870,559
389,2017-09-01,2017,9,4,705,434
390,2017-09-04,2017,9,0,793,578
391,2017-09-05,2017,9,1,935,530
392,2017-09-06,2017,9,2,759,469
393,2017-09-08,2017,9,4,232,136
394,2017-09-11,2017,9,0,762,560
395,2017-09-12,2017,9,1,943,589
396,2017-09-13,2017,9,2,823,560
397,2017-09-14,2017,9,3,869,565
398,2017-09-15,2017,9,4,672,411
399,2017-09-18,2017,9,0,728,554
400,2017-09-19,2017,9,1,882,529
401,2017-09-20,2017,9,2,784,534
402,2017-09-21,2017,9,3,842,505
403,2017-09-22,2017,9,4,702,428
404,2017-09-25,2017,9,0,702,519
405,2017-09-26,2017,9,1,891,568
406,2017-09-27,2017,9,2,847,535
407,2017-09-28,2017,9,3,834,556
408,2017-09-29,2017,9,4,707,392
409,2017-10-02,2017,10,0,704,524
410,2017-10-03,2017,10,1,900,545
411,2017-10-04,2017,10,2,817,532
412,2017-10-05,2017,10,3,848,527
413,2017-10-06,2017,10,4,668,420
414,2017-10-09,2017,10,0,746,514
415,2017-10-10,2017,10,1,790,480
416,2017-10-11,2017,10,2,708,402
417,2017-10-16,2017,10,0,700,504
418,2017-10-17,2017,10,1,854,523
419,2017-10-18,2017,10,2,823,546
420,2017-10-19,2017,10,3,861,533
421,2017-10-20,2017,10,4,698,444
422,2017-10-23,2017,10,0,700,528
423,2017-10-24,2017,10,1,869,512
424,2017-10-25,2017,10,2,809,448
425,2017-10-26,2017,10,3,610,377
426,2017-10-27,2017,10,4,504,214
427,2017-10-30,2017,10,0,749,523
428,2017-10-31,2017,10,1,833,518
429,2017-11-01,2017,11,2,767,466
430,2017-11-03,2017,11,4,290,192
431,2017-11-06,2017,11,0,673,495
432,2017-11-07,2017,11,1,808,472
433,2017-11-08,2017,11,2,860,508
434,2017-11-09,2017,11,3,841,485
435,2017-11-10,2017,11,4,590,399
436,2017-11-13,2017,11,0,660,470
437,2017-11-14,2017,11,1,849,470
438,2017-11-16,2017,11,3,769,507
439,2017-11-17,2017,11,4,613,371
440,2017-11-20,2017,11,0,663,464
441,2017-11-21,2017,11,1,825,469
442,2017-11-22,2017,11,2,838,556
443,2017-11-23,2017,11,3,802,508
444,2017-11-24,2017,11,4,663,409
445,2017-11-27,2017,11,0,656,473
446,2017-11-28,2017,11,1,800,524
447,2017-11-29,2017,11,2,803,538
448,2017-11-30,2017,11,3,749,499
449,2017-12-01,2017,12,4,637,378
450,2017-12-04,2017,12,0,649,430
451,2017-12-05,2017,12,1,785,456
452,2017-12-06,2017,12,2,786,486
453,2017-12-07,2017,12,3,750,393
454,2017-12-11,2017,12,0,563,396
455,2017-12-12,2017,12,1,655,393
456,2017-12-13,2017,12,2,625,437
457,2017-12-14,2017,12,3,613,368
458,2017-12-15,2017,12,4,403,213
459,2017-12-18,2017,12,0,349,230
460,2017-12-19,2017,12,1,379,219
461,2017-12-20,2017,12,2,386,186
462,2017-12-21,2017,12,3,283,111
463,2018-01-08,2018,1,0,69,0
464,2018-01-09,2018,1,1,112,0
465,2018-01-10,2018,1,2,122,0
466,2018-01-11,2018,1,3,115,0
467,2018-01-12,2018,1,4,100,0
468,2018-01-15,2018,1,0,117,0
469,2018-01-16,2018,1,1,156,0
470,2018-01-17,2018,1,2,167,0
471,2018-01-18,2018,1,3,135,0
472,2018-01-19,2018,1,4,120,0
473,2018-01-22,2018,1,0,156,0
474,2018-01-23,2018,1,1,151,0
475,2018-01-24,2018,1,2,149,0
476,2018-01-25,2018,1,3,130,0
477,2018-01-26,2018,1,4,114,0
478,2018-01-29,2018,1,0,144,0
479,2018-01-30,2018,1,1,178,0
480,2018-01-31,2018,1,2,179,0
481,2018-02-01,2018,2,3,139,0
482,2018-02-02,2018,2,4,119,0
483,2018-02-05,2018,2,0,153,0
484,2018-02-06,2018,2,1,155,0
485,2018-02-07,2018,2,2,177,0
486,2018-02-08,2018,2,3,175,0
487,2018-02-09,2018,2,4,116,0
488,2018-02-15,2018,2,3,127,0
489,2018-02-16,2018,2,4,131,0
490,2018-02-19,2018,2,0,189,0
491,2018-02-20,2018,2,1,242,0
492,2018-02-21,2018,2,2,301,0
493,2018-02-22,2018,2,3,604,360
494,2018-02-23,2018,2,4,446,219
495,2018-02-26,2018,2,0,743,489
496,2018-02-27,2018,2,1,825,519
497,2018-02-28,2018,2,2,811,425
498,2018-03-01,2018,3,3,796,470
499,2018-03-02,2018,3,4,620,278
500,2018-03-05,2018,3,0,695,507
501,2018-03-06,2018,3,1,858,546
502,2018-03-07,2018,3,2,902,525
503,2018-03-08,2018,3,3,896,514
504,2018-03-09,2018,3,4,751,400
505,2018-03-12,2018,3,0,730,524
506,2018-03-13,2018,3,1,844,525
507,2018-03-14,2018,3,2,847,530
508,2018-03-15,2018,3,3,829,516
509,2018-03-16,2018,3,4,630,305
510,2018-03-20,2018,3,1,617,465
511,2018-03-21,2018,3,2,786,396
512,2018-03-22,2018,3,3,834,519
513,2018-03-23,2018,3,4,650,328
514,2018-03-26,2018,3,0,771,543
515,2018-03-27,2018,3,1,823,333
516,2018-03-28,2018,3,2,763,395
517,2018-04-02,2018,4,0,713,491
518,2018-04-03,2018,4,1,852,539
519,2018-04-04,2018,4,2,830,516
520,2018-04-05,2018,4,3,889,527
521,2018-04-06,2018,4,4,696,405
522,2018-04-09,2018,4,0,772,488
523,2018-04-10,2018,4,1,883,470
524,2018-04-11,2018,4,2,878,481
525,2018-04-12,2018,4,3,851,462
526,2018-04-13,2018,4,4,726,364
527,2018-04-16,2018,4,0,728,485
528,2018-04-17,2018,4,1,851,501
529,2018-04-18,2018,4,2,812,490
530,2018-04-19,2018,4,3,799,439
531,2018-04-20,2018,4,4,596,330
532,2018-04-23,2018,4,0,761,486
533,2018-04-24,2018,4,1,853,494
534,2018-04-25,2018,4,2,794,510
535,2018-04-26,2018,4,3,763,419
536,2018-04-27,2018,4,4,597,334
537,2018-04-30,2018,4,0,297,146
538,2018-05-02,2018,5,2,765,469
539,2018-05-03,2018,5,3,811,485
540,2018-05-04,2018,5,4,652,362
541,2018-05-07,2018,5,0,705,486
542,2018-05-08,2018,5,1,827,502
543,2018-05-09,2018,5,2,802,450
544,2018-05-10,2018,5,3,832,475
545,2018-05-11,2018,5,4,611,307
546,2018-05-14,2018,5,0,651,483
547,2018-05-15,2018,5,1,803,476
548,2018-05-16,2018,5,2,774,472
549,2018-05-17,2018,5,3,767,438
550,2018-05-18,2018,5,4,650,359
551,2018-05-21,2018,5,0,698,464
552,2018-05-22,2018,5,1,795,486
553,2018-05-23,2018,5,2,819,469
554,2018-05-24,2018,5,3,710,483
555,2018-05-25,2018,5,4,572,283
556,2018-05-28,2018,5,0,669,433
557,2018-05-29,2018,5,1,776,490
558,2018-05-30,2018,5,2,686,381
559,2018-06-01,2018,6,4,242,129
560,2018-06-04,2018,6,0,660,486
561,2018-06-05,2018,6,1,821,527
562,2018-06-06,2018,6,2,828,471
563,2018-06-07,2018,6,3,811,461
564,2018-06-08,2018,6,4,650,371
565,2018-06-11,2018,6,0,715,460
566,2018-06-12,2018,6,1,761,449
567,2018-06-13,2018,6,2,787,403
568,2018-06-14,2018,6,3,751,438
569,2018-06-15,2018,6,4,639,374
570,2018-06-18,2018,6,0,624,428
571,2018-06-19,2018,6,1,774,447
572,2018-06-20,2018,6,2,756,429
573,2018-06-21,2018,6,3,741,355
574,2018-06-25,2018,6,0,529,382
575,2018-06-26,2018,6,1,577,334
576,2018-06-27,2018,6,2,374,0
577,2018-06-28,2018,6,3,419,261
578,2018-06-29,2018,6,4,356,163
579,2018-07-03,2018,7,1,276,148
580,2018-07-04,2018,7,2,186,0
581,2018-07-06,2018,7,4,68,0
582,2018-07-09,2018,7,0,115,0
583,2018-07-10,2018,7,1,123,0
584,2018-07-11,2018,7,2,125,0
585,2018-07-12,2018,7,3,112,0
586,2018-07-13,2018,7,4,94,0
587,2018-07-16,2018,7,0,115,0
588,2018-07-17,2018,7,1,119,0
589,2018-07-18,2018,7,2,115,0
590,2018-07-19,2018,7,3,91,0
591,2018-07-20,2018,7,4,84,0
592,2018-07-23,2018,7,0,94,0
593,2018-07-24,2018,7,1,111,0
594,2018-07-25,2018,7,2,118,0
595,2018-07-26,2018,7,3,116,0
596,2018-07-27,2018,7,4,122,0
597,2018-07-30,2018,7,0,128,0
598,2018-07-31,2018,7,1,160,0
599,2018-08-01,2018,8,2,176,0
600,2018-08-02,2018,8,3,162,0
601,2018-08-03,2018,8,4,142,0
602,2018-08-06,2018,8,0,732,486
603,2018-08-07,2018,8,1,896,560
604,2018-08-08,2018,8,2,877,530
605,2018-08-09,2018,8,3,862,526
606,2018-08-10,2018,8,4,604,340
607,2018-08-13,2018,8,0,790,520
608,2018-08-14,2018,8,1,876,553
609,2018-08-15,2018,8,2,775,548
610,2018-08-16,2018,8,3,799,555
611,2018-08-17,2018,8,4,680,415
612,2018-08-20,2018,8,0,778,567
613,2018-08-21,2018,8,1,903,587
614,2018-08-22,2018,8,2,862,584
615,2018-08-23,2018,8,3,853,591
616,2018-08-24,2018,8,4,640,359
617,2018-08-27,2018,8,0,788,549
618,2018-08-28,2018,8,1,898,561
619,2018-08-29,2018,8,2,848,564
620,2018-08-30,2018,8,3,845,550
621,2018-08-31,2018,8,4,677,420
622,2018-09-03,2018,9,0,799,567
623,2018-09-04,2018,9,1,902,569
624,2018-09-05,2018,9,2,817,529
625,2018-09-06,2018,9,3,695,398
626,2018-09-10,2018,9,0,732,546
627,2018-09-11,2018,9,1,897,585
628,2018-09-12,2018,9,2,786,581
629,2018-09-13,2018,9,3,814,571
630,2018-09-14,2018,9,4,643,403
631,2018-09-17,2018,9,0,757,557
632,2018-09-18,2018,9,1,853,538
633,2018-09-19,2018,9,2,833,543
634,2018-09-20,2018,9,3,809,530
635,2018-09-21,2018,9,4,678,353
636,2018-09-24,2018,9,0,739,518
637,2018-09-25,2018,9,1,877,517
638,2018-09-26,2018,9,2,815,522
639,2018-09-27,2018,9,3,793,550
640,2018-09-28,2018,9,4,592,370
641,2018-10-01,2018,10,0,723,480
642,2018-10-02,2018,10,1,855,505
643,2018-10-03,2018,10,2,827,547
644,2018-10-04,2018,10,3,803,487
645,2018-10-05,2018,10,4,579,300
646,2018-10-08,2018,10,0,645,484
647,2018-10-09,2018,10,1,862,490
648,2018-10-10,2018,10,2,781,497
649,2018-10-11,2018,10,3,716,397
650,2018-10-16,2018,10,1,711,507
651,2018-10-17,2018,10,2,775,523
652,2018-10-18,2018,10,3,776,534
653,2018-10-19,2018,10,4,685,386
654,2018-10-22,2018,10,0,725,499
655,2018-10-23,2018,10,1,846,549
656,2018-10-24,2018,10,2,767,518
657,2018-10-25,2018,10,3,779,453
658,2018-10-26,2018,10,4,586,308
659,2018-10-29,2018,10,0,498,389
660,2018-10-30,2018,10,1,550,378
661,2018-10-31,2018,10,2,538,307
662,2018-11-01,2018,11,3,489,352
663,2018-11-05,2018,11,0,707,504
664,2018-11-06,2018,11,1,836,544
665,2018-11-07,2018,11,2,831,518
666,2018-11-08,2018,11,3,835,492
667,2018-11-09,2018,11,4,674,372
668,2018-11-12,2018,11,0,678,498
669,2018-11-13,2018,11,1,859,504
670,2018-11-14,2018,11,2,746,418
671,2018-11-16,2018,11,4,324,181
672,2018-11-19,2018,11,0,710,489
673,2018-11-20,2018,11,1,792,488
674,2018-11-21,2018,11,2,801,492
675,2018-11-22,2018,11,3,744,460
676,2018-11-23,2018,11,4,583,310
677,2018-11-26,2018,11,0,686,400
678,2018-11-27,2018,11,1,778,438
679,2018-11-28,2018,11,2,791,426
680,2018-11-29,2018,11,3,716,464
681,2018-11-30,2018,11,4,600,321
682,2018-12-03,2018,12,0,592,385
683,2018-12-04,2018,12,1,655,390
684,2018-12-05,2018,12,2,668,359
685,2018-12-06,2018,12,3,601,331
686,2018-12-07,2018,12,4,383,188
687,2018-12-10,2018,12,0,342,155
688,2018-12-11,2018,12,1,414,227
689,2018-12-12,2018,12,2,400,203
690,2018-12-13,2018,12,3,307,155
691,2018-12-14,2018,12,4,235,101
692,2018-12-17,2018,12,0,122,0
693,2018-12-18,2018,12,1,121,0
694,2018-12-19,2018,12,2,141,0
695,2019-01-07,2019,1,0,113,0
696,2019-01-08,2019,1,1,111,0
697,2019-01-09,2019,1,2,126,0
698,2019-01-10,2019,1,3,111,0
699,2019-01-11,2019,1,4,85,0
700,2019-01-14,2019,1,0,117,0
701,2019-01-15,2019,1,1,127,0
702,2019-01-16,2019,1,2,157,0
703,2019-01-17,2019,1,3,111,0
704,2019-01-18,2019,1,4,114,0
705,2019-01-21,2019,1,0,149,0
706,2019-01-22,2019,1,1,156,0
707,2019-01-23,2019,1,2,179,0
708,2019-01-24,2019,1,3,188,0
709,2019-01-25,2019,1,4,143,0
710,2019-01-28,2019,1,0,215,0
711,2019-01-29,2019,1,1,217,0
712,2019-01-30,2019,1,2,190,0
713,2019-01-31,2019,1,3,206,0
714,2019-02-01,2019,2,4,189,0
715,2019-02-04,2019,2,0,228,0
716,2019-02-05,2019,2,1,205,0
717,2019-02-06,2019,2,2,217,0
718,2019-02-07,2019,2,3,209,0
719,2019-02-08,2019,2,4,174,0
720,2019-02-11,2019,2,0,219,0
721,2019-02-12,2019,2,1,225,0
722,2019-02-13,2019,2,2,246,0
723,2019-02-14,2019,2,3,238,0
724,2019-02-15,2019,2,4,215,0
725,2019-02-18,2019,2,0,666,445
726,2019-02-19,2019,2,1,837,559
727,2019-02-20,2019,2,2,870,479
728,2019-02-21,2019,2,3,874,481
729,2019-02-22,2019,2,4,696,387
730,2019-02-25,2019,2,0,812,558
731,2019-02-26,2019,2,1,950,544
732,2019-02-27,2019,2,2,873,522
733,2019-02-28,2019,2,3,879,526
734,2019-03-01,2019,3,4,542,295
735,2019-03-07,2019,3,3,603,426
736,2019-03-08,2019,3,4,563,351
737,2019-03-11,2019,3,0,789,516
738,2019-03-12,2019,3,1,928,558
739,2019-03-13,2019,3,2,870,558
740,2019-03-14,2019,3,3,861,529
741,2019-03-15,2019,3,4,699,402
742,2019-03-18,2019,3,0,668,410
743,2019-03-20,2019,3,2,850,547
744,2019-03-21,2019,3,3,876,510
745,2019-03-22,2019,3,4,696,388
746,2019-03-26,2019,3,1,856,552
747,2019-03-27,2019,3,2,822,543
748,2019-03-28,2019,3,3,830,511
749,2019-03-29,2019,3,4,687,341
750,2019-04-01,2019,4,0,719,489
751,2019-04-02,2019,4,1,808,512
752,2019-04-03,2019,4,2,839,499
753,2019-04-04,2019,4,3,791,511
754,2019-04-05,2019,4,4,667,437
755,2019-04-08,2019,4,0,703,500
756,2019-04-09,2019,4,1,844,535
757,2019-04-10,2019,4,2,811,547
758,2019-04-11,2019,4,3,791,512
759,2019-04-12,2019,4,4,568,0
760,2019-04-15,2019,4,0,743,474
761,2019-04-16,2019,4,1,865,541
762,2019-04-17,2019,4,2,729,391
763,2019-04-22,2019,4,0,660,487
764,2019-04-23,2019,4,1,858,556
765,2019-04-24,2019,4,2,812,504
766,2019-04-25,2019,4,3,785,506
767,2019-04-26,2019,4,4,672,408
768,2019-04-29,2019,4,0,738,495
769,2019-04-30,2019,4,1,874,485
770,2019-05-02,2019,5,3,805,546
771,2019-05-03,2019,5,4,693,380
772,2019-05-06,2019,5,0,780,536
773,2019-05-07,2019,5,1,880,581
774,2019-05-08,2019,5,2,971,546
775,2019-05-09,2019,5,3,843,538
776,2019-05-10,2019,5,4,655,379
777,2019-05-13,2019,5,0,684,513
778,2019-05-14,2019,5,1,873,583
779,2019-05-15,2019,5,2,699,450
780,2019-05-16,2019,5,3,818,600
781,2019-05-17,2019,5,4,771,447
782,2019-05-20,2019,5,0,775,546
783,2019-05-21,2019,5,1,963,559
784,2019-05-22,2019,5,2,876,598
785,2019-05-23,2019,5,3,937,581
786,2019-05-24,2019,5,4,708,397
787,2019-05-27,2019,5,0,725,574
788,2019-05-28,2019,5,1,954,653
789,2019-05-29,2019,5,2,905,575
790,2019-05-30,2019,5,3,919,557
791,2019-05-31,2019,5,4,757,379
792,2019-06-03,2019,6,0,725,557
793,2019-06-04,2019,6,1,931,598
794,2019-06-05,2019,6,2,939,591
795,2019-06-06,2019,6,3,868,553
796,2019-06-07,2019,6,4,715,398
797,2019-06-10,2019,6,0,746,551
798,2019-06-11,2019,6,1,944,565
799,2019-06-12,2019,6,2,901,536
800,2019-06-13,2019,6,3,832,486
801,2019-06-14,2019,6,4,579,302
802,2019-06-17,2019,6,0,746,548
803,2019-06-18,2019,6,1,915,506
804,2019-06-19,2019,6,2,803,448
805,2019-06-21,2019,6,4,468,230
806,2019-06-24,2019,6,0,664,443
807,2019-06-25,2019,6,1,678,429
808,2019-06-26,2019,6,2,653,405
809,2019-06-27,2019,6,3,593,355
810,2019-06-28,2019,6,4,461,245
811,2019-07-01,2019,7,0,368,255
812,2019-07-02,2019,7,1,466,260
813,2019-07-03,2019,7,2,402,208
814,2019-07-04,2019,7,3,297,146
815,2019-07-08,2019,7,0,139,0
816,2019-07-09,2019,7,1,153,0
817,2019-07-10,2019,7,2,153,0
818,2019-07-11,2019,7,3,130,0
819,2019-07-12,2019,7,4,113,0
820,2019-07-15,2019,7,0,118,28
821,2019-07-16,2019,7,1,149,26
822,2019-07-17,2019,7,2,140,26
823,2019-07-18,2019,7,3,133,21
824,2019-07-19,2019,7,4,94,0
825,2019-07-22,2019,7,0,118,0
826,2019-07-23,2019,7,1,125,0
827,2019-07-24,2019,7,2,127,0
828,2019-07-25,2019,7,3,120,0
829,2019-07-26,2019,7,4,130,0
830,2019-07-29,2019,7,0,135,0
831,2019-07-30,2019,7,1,129,0
832,2019-07-31,2019,7,2,135,0
833,2019-08-01,2019,8,3,150,0
834,2019-08-02,2019,8,4,133,0
835,2019-08-05,2019,8,0,801,544
836,2019-08-06,2019,8,1,912,539
837,2019-08-07,2019,8,2,927,587
838,2019-08-08,2019,8,3,948,550
839,2019-08-09,2019,8,4,661,338
840,2019-08-12,2019,8,0,834,633
841,2019-08-13,2019,8,1,1006,643
842,2019-08-14,2019,8,2,975,642
843,2019-08-15,2019,8,3,913,602
844,2019-08-16,2019,8,4,750,407
845,2019-08-19,2019,8,0,863,609
846,2019-08-20,2019,8,1,1022,663
847,2019-08-21,2019,8,2,991,628
848,2019-08-22,2019,8,3,969,649
849,2019-08-23,2019,8,4,773,406
850,2019-08-26,2019,8,0,824,593
851,2019-08-27,2019,8,1,957,664
852,2019-08-28,2019,8,2,989,714
853,2019-08-29,2019,8,3,931,577
854,2019-08-30,2019,8,4,679,368
855,2019-09-02,2019,9,0,839,607
856,2019-09-03,2019,9,1,958,654
857,2019-09-04,2019,9,2,918,670
858,2019-09-05,2019,9,3,938,591
859,2019-09-06,2019,9,4,724,357
860,2019-09-09,2019,9,0,824,579
861,2019-09-10,2019,9,1,963,640
862,2019-09-11,2019,9,2,962,640
863,2019-09-12,2019,9,3,952,611
864,2019-09-13,2019,9,4,781,405
865,2019-09-16,2019,9,0,867,587
866,2019-09-17,2019,9,1,991,651
867,2019-09-18,2019,9,2,927,655
868,2019-09-19,2019,9,3,956,650
869,2019-09-20,2019,9,4,752,384
870,2019-09-23,2019,9,0,817,598
871,2019-09-24,2019,9,1,970,615
872,2019-09-25,2019,9,2,966,607
873,2019-09-26,2019,9,3,845,547
874,2019-09-27,2019,9,4,717,357
875,2019-09-30,2019,9,0,814,563
876,2019-10-01,2019,10,1,910,629
877,2019-10-02,2019,10,2,919,581
878,2019-10-03,2019,10,3,839,554
879,2019-10-04,2019,10,4,684,324
880,2019-10-07,2019,10,0,774,530
881,2019-10-08,2019,10,1,924,579
882,2019-10-09,2019,10,2,849,585
883,2019-10-10,2019,10,3,812,534
884,2019-10-11,2019,10,4,698,353
885,2019-10-15,2019,10,1,821,616
886,2019-10-16,2019,10,2,907,611
887,2019-10-17,2019,10,3,842,553
888,2019-10-18,2019,10,4,678,365
889,2019-10-21,2019,10,0,775,582
890,2019-10-22,2019,10,1,908,639
891,2019-10-23,2019,10,2,908,599
892,2019-10-24,2019,10,3,803,501
893,2019-10-25,2019,10,4,589,298
894,2019-10-29,2019,10,1,836,550
895,2019-10-30,2019,10,2,866,567
896,2019-10-31,2019,10,3,782,539
897,2019-11-01,2019,11,4,640,333
898,2019-11-04,2019,11,0,798,533
899,2019-11-05,2019,11,1,915,562
900,2019-11-06,2019,11,2,852,581
901,2019-11-07,2019,11,3,809,485
902,2019-11-08,2019,11,4,677,329
903,2019-11-11,2019,11,0,743,526
904,2019-11-12,2019,11,1,865,599
905,2019-11-13,2019,11,2,871,583
906,2019-11-14,2019,11,3,717,398
907,2019-11-18,2019,11,0,745,519
908,2019-11-19,2019,11,1,873,545
909,2019-11-20,2019,11,2,819,546
910,2019-11-21,2019,11,3,834,519
911,2019-11-22,2019,11,4,656,350
912,2019-11-25,2019,11,0,735,514
913,2019-11-26,2019,11,1,823,499
914,2019-11-27,2019,11,2,806,507
915,2019-11-28,2019,11,3,776,480
916,2019-11-29,2019,11,4,599,256
917,2019-12-02,2019,12,0,645,473
918,2019-12-03,2019,12,1,702,408
919,2019-12-04,2019,12,2,664,383
920,2019-12-05,2019,12,3,629,352
921,2019-12-06,2019,12,4,487,224
922,2019-12-09,2019,12,0,378,255
923,2019-12-10,2019,12,1,410,212
924,2019-12-11,2019,12,2,393,177
925,2019-12-12,2019,12,3,333,140
926,2019-12-13,2019,12,4,238,76
927,2019-12-16,2019,12,0,130,0
928,2019-12-17,2019,12,1,134,0
929,2019-12-18,2019,12,2,150,0
930,2019-12-19,2019,12,3,120,0
931,2019-12-20,2019,12,4,106,0
932,2020-01-06,2020,1,0,82,0
933,2020-01-07,2020,1,1,91,0
934,2020-01-08,2020,1,2,132,0
935,2020-01-09,2020,1,3,114,0
936,2020-01-10,2020,1,4,80,0
937,2020-01-13,2020,1,0,94,0
938,2020-01-14,2020,1,1,118,0
939,2020-01-15,2020,1,2,138,0
940,2020-01-16,2020,1,3,122,0
941,2020-01-17,2020,1,4,94,0
942,2020-01-20,2020,1,0,115,0
943,2020-01-21,2020,1,1,171,0
944,2020-01-22,2020,1,2,160,0
945,2020-01-23,2020,1,3,147,0
946,2020-01-24,2020,1,4,153,0
947,2020-01-27,2020,1,0,102,0
948,2020-01-28,2020,1,1,138,0
949,2020-01-29,2020,1,2,155,0
950,2020-01-30,2020,1,3,142,0
951,2020-01-31,2020,1,4,131,0
952,2020-02-03,2020,2,0,219,45
953,2020-02-04,2020,2,1,261,55
954,2020-02-05,2020,2,2,223,35
955,2020-02-06,2020,2,3,210,38
956,2020-02-07,2020,2,4,136,0
957,2020-02-10,2020,2,0,129,0
958,2020-02-11,2020,2,1,143,0
959,2020-02-12,2020,2,2,173,0
960,2020-02-13,2020,2,3,149,0
961,2020-02-14,2020,2,4,184,0
962,2020-02-17,2020,2,0,723,503
963,2020-02-18,2020,2,1,961,577
964,2020-02-19,2020,2,2,912,413
965,2020-02-20,2020,2,3,779,379
966,2020-02-21,2020,2,4,487,132
967,2020-02-27,2020,2,3,689,501
968,2020-02-28,2020,2,4,657,289
969,2020-03-02,2020,3,0,847,614
970,2020-03-03,2020,3,1,1033,687
971,2020-03-04,2020,3,2,830,608
972,2020-03-05,2020,3,3,944,691
973,2020-03-06,2020,3,4,823,353
974,2020-03-09,2020,3,0,843,639
975,2020-03-10,2020,3,1,1001,626
976,2020-03-11,2020,3,2,1002,611
977,2020-03-12,2020,3,3,953,549
978,2020-03-13,2020,3,4,795,410
979,2020-03-16,2020,3,0,646,328
980,2020-03-17,2020,3,1,104,31
981,2020-03-18,2020,3,2,31,12
982,2020-03-20,2020,3,4,12,9
983,2020-03-23,2020,3,0,9,6
984,2020-03-24,2020,3,1,10,9
985,2020-03-26,2020,3,3,11,13
986,2020-03-27,2020,3,4,15,14
987,2020-03-30,2020,3,0,13,12
988,2020-03-31,2020,3,1,14,9
