"date";"lunch";"dinner"
"2016-01-04";"364";"294"
"2016-01-05";"489";"363"
"2016-01-06";"522";"401"
"2016-01-07";"514";"349"
"2016-01-08";"409";"218"
"2016-01-11";"462";"372"
"2016-01-12";"575";"435"
"2016-01-13";"525";"388"
"2016-01-14";"545";"341"
"2016-01-15";"434";"261"
"2016-01-18";"424";"371"
"2016-01-19";"499";"391"
"2016-01-20";"501";"398"
"2016-01-21";"525";"382"
"2016-01-22";"452";"265"
"2016-01-25";"484";"332"
"2016-01-26";"514";"385"
"2016-01-27";"514";"343"
"2016-01-28";"535";"325"
"2016-01-29";"412";"219"
"2016-02-01";"404";"302"
"2016-02-02";"504";"328"
"2016-02-03";"427";"324"
"2016-02-04";"462";"258"
"2016-02-05";"285";"116"
"2016-02-08";"0";"0"
"2016-02-09";"0";"0"
"2016-02-10";"0";"0"
"2016-02-11";"132";"97"
"2016-02-12";"153";"82"
"2016-02-15";"189";"147"
"2016-02-16";"266";"150"
"2016-02-17";"250";"123"
"2016-02-18";"216";"100"
"2016-02-19";"205";"74"
"2016-03-01";"0";"0"
"2016-03-02";"0";"0"
"2016-03-03";"0";"0"
"2016-03-04";"0";"0"
"2016-03-07";"0";"0"
"2016-03-08";"0";"0"
"2016-03-09";"0";"0"
"2016-03-10";"0";"0"
"2016-03-11";"0";"0"
"2016-03-14";"585";"388"
"2016-03-15";"733";"464"
"2016-03-16";"716";"470"
"2016-03-17";"727";"452"
"2016-03-18";"620";"312"
"2016-03-21";"654";"498"
"2016-03-22";"752";"449"
"2016-03-23";"668";"337"
"2016-03-24";"0";"0"
"2016-03-25";"0";"0"
"2016-03-28";"630";"487"
"2016-03-29";"803";"461"
"2016-03-30";"801";"537"
"2016-03-31";"750";"526"
"2016-04-01";"710";"351"
"2016-04-04";"647";"461"
"2016-04-05";"783";"501"
"2016-04-06";"757";"516"
"2016-04-07";"725";"475"
"2016-04-08";"683";"370"
"2016-04-11";"646";"446"
"2016-04-12";"780";"495"
"2016-04-13";"753";"523"
"2016-04-14";"756";"472"
"2016-04-15";"675";"348"
"2016-04-18";"642";"466"
"2016-04-19";"791";"504"
"2016-04-20";"741";"385"
"2016-04-21";"0";"0"
"2016-04-22";"247";"110"
"2016-04-25";"666";"449"
"2016-04-26";"738";"460"
"2016-04-27";"694";"471"
"2016-04-28";"700";"446"
"2016-04-29";"643";"370"
"2016-05-02";"646";"434"
"2016-05-03";"689";"466"
"2016-05-04";"735";"451"
"2016-05-05";"709";"464"
"2016-05-06";"627";"311"
"2016-05-09";"621";"393"
"2016-05-10";"722";"460"
"2016-05-11";"719";"436"
"2016-05-12";"715";"455"
"2016-05-13";"670";"356"
"2016-05-16";"634";"462"
"2016-05-17";"721";"480"
"2016-05-18";"741";"418"
"2016-05-19";"745";"445"
"2016-05-20";"661";"329"
"2016-05-23";"635";"444"
"2016-05-24";"705";"465"
"2016-05-25";"690";"375"
"2016-05-26";"0";"0"
"2016-05-27";"229";"111"
"2016-05-30";"599";"435"
"2016-05-31";"763";"495"
"2016-06-01";"743";"452"
"2016-06-02";"723";"412"
"2016-06-03";"600";"300"
"2016-06-06";"618";"447"
"2016-06-07";"742";"448"
"2016-06-08";"737";"436"
"2016-06-09";"678";"464"
"2016-06-10";"608";"331"
"2016-06-13";"652";"412"
"2016-06-14";"733";"457"
"2016-06-15";"712";"453"
"2016-06-16";"692";"413"
"2016-06-17";"602";"325"
"2016-06-20";"630";"475"
"2016-06-21";"712";"466"
"2016-06-22";"713";"430"
"2016-06-23";"761";"468"
"2016-06-24";"609";"333"
"2016-06-27";"642";"449"
"2016-06-28";"706";"394"
"2016-06-29";"700";"433"
"2016-06-30";"670";"395"
"2016-07-01";"585";"279"
"2016-07-04";"561";"329"
"2016-07-05";"0";"0"
"2016-07-06";"683";"392"
"2016-07-07";"690";"376"
"2016-07-08";"547";"251"
"2016-07-11";"524";"339"
"2016-07-12";"576";"353"
"2016-07-13";"598";"335"
"2016-07-14";"500";"260"
"2016-07-15";"317";"166"
"2016-07-18";"267";"122"
"2016-07-19";"302";"141"
"2016-07-20";"282";"89"
"2016-07-21";"197";"0"
"2016-07-22";"151";"0"
"2016-07-25";"131";"0"
"2016-07-26";"161";"0"
"2016-07-27";"159";"0"
"2016-07-28";"143";"0"
"2016-07-29";"143";"0"
"2016-08-01";"158";"0"
"2016-08-02";"152";"0"
"2016-08-03";"169";"0"
"2016-08-04";"171";"0"
"2016-08-05";"152";"0"
"2016-08-08";"161";"0"
"2016-08-09";"178";"0"
"2016-08-10";"173";"0"
"2016-08-11";"172";"0"
"2016-08-12";"153";"0"
"2016-08-15";"267";"0"
"2016-08-16";"700";"420"
"2016-08-17";"688";"431"
"2016-08-18";"687";"417"
"2016-08-19";"540";"284"
"2016-08-22";"726";"494"
"2016-08-23";"791";"469"
"2016-08-24";"773";"519"
"2016-08-25";"804";"465"
"2016-08-26";"587";"376"
"2016-08-29";"733";"519"
"2016-08-30";"802";"527"
"2016-08-31";"791";"551"
"2016-09-01";"771";"478"
"2016-09-02";"553";"347"
"2016-09-05";"669";"466"
"2016-09-06";"729";"468"
"2016-09-07";"0";"0"
"2016-09-08";"669";"461"
"2016-09-09";"504";"276"
"2016-09-12";"649";"505"
"2016-09-13";"776";"537"
"2016-09-14";"748";"525"
"2016-09-15";"741";"408"
"2016-09-16";"620";"338"
"2016-09-19";"673";"513"
"2016-09-20";"766";"546"
"2016-09-21";"749";"536"
"2016-09-22";"691";"465"
"2016-09-23";"576";"335"
"2016-09-26";"650";"500"
"2016-09-27";"731";"531"
"2016-09-28";"691";"514"
"2016-09-29";"573";"379"
"2016-09-30";"453";"335"
"2016-10-03";"438";"321"
"2016-10-04";"667";"410"
"2016-10-05";"689";"473"
"2016-10-06";"692";"454"
"2016-10-07";"575";"403"
"2016-10-10";"657";"486"
"2016-10-11";"719";"453"
"2016-10-12";"0";"0"
"2016-10-13";"672";"457"
"2016-10-14";"579";"322"
"2016-10-17";"650";"503"
"2016-10-18";"743";"509"
"2016-10-19";"742";"514"
"2016-10-20";"727";"450"
"2016-10-21";"566";"347"
"2016-10-24";"521";"436"
"2016-10-25";"642";"432"
"2016-10-26";"628";"400"
"2016-10-27";"606";"301"
"2016-10-28";"0";"0"
"2016-10-31";"639";"374"
"2016-11-01";"704";"380"
"2016-11-02";"0";"0"
"2016-11-03";"409";"302"
"2016-11-04";"357";"168"
"2016-11-07";"618";"446"
"2016-11-08";"696";"537"
"2016-11-09";"710";"461"
"2016-11-10";"669";"491"
"2016-11-11";"529";"284"
"2016-11-14";"497";"321"
"2016-11-15";"0";"0"
"2016-11-16";"654";"458"
"2016-11-17";"666";"449"
"2016-11-18";"523";"295"
"2016-11-21";"632";"450"
"2016-11-22";"679";"489"
"2016-11-23";"690";"414"
"2016-11-24";"641";"440"
"2016-11-25";"485";"306"
"2016-11-28";"558";"450"
"2016-11-29";"617";"448"
"2016-11-30";"591";"430"
"2016-12-01";"579";"395"
"2016-12-02";"523";"268"
"2016-12-05";"613";"391"
"2016-12-06";"626";"401"
"2016-12-07";"614";"367"
"2016-12-08";"0";"0"
"2016-12-09";"408";"233"
"2016-12-12";"558";"339"
"2016-12-13";"532";"292"
"2016-12-14";"550";"291"
"2016-12-15";"537";"337"
"2016-12-16";"370";"185"
"2016-12-19";"251";"155"
"2016-12-20";"263";"127"
"2016-12-21";"180";"110"
"2016-12-22";"175";"48"
"2016-12-23";"0";"0"
"2016-12-26";"0";"0"
"2016-12-27";"0";"0"
"2016-12-28";"0";"0"
"2016-12-29";"0";"0"
"2016-12-30";"0";"0"
"2017-01-02";"0";"0"
"2017-01-03";"99";"0"
"2017-01-04";"167";"0"
"2017-01-05";"176";"0"
"2017-01-06";"149";"0"
"2017-01-09";"148";"0"
"2017-01-10";"159";"0"
"2017-01-11";"181";"0"
"2017-01-12";"184";"0"
"2017-01-13";"129";"0"
"2017-01-16";"152";"0"
"2017-01-17";"177";"0"
"2017-01-18";"199";"0"
"2017-01-19";"225";"0"
"2017-01-20";"181";"0"
"2017-01-23";"186";"107"
"2017-01-24";"216";"124"
"2017-01-25";"235";"124"
"2017-01-26";"214";"112"
"2017-01-27";"181";"103"
"2017-01-30";"184";"101"
"2017-01-31";"211";"110"
"2017-02-01";"239";"99"
"2017-02-02";"215";"92"
"2017-02-03";"191";"98"
"2017-02-06";"181";"78"
"2017-02-07";"196";"90"
"2017-02-08";"205";"102"
"2017-02-09";"266";"0"
"2017-02-10";"180";"0"
"2017-02-13";"152";"0"
"2017-02-14";"177";"0"
"2017-02-15";"185";"0"
"2017-02-16";"158";"0"
"2017-02-17";"193";"0"
"2017-02-20";"135";"0"
"2017-02-21";"165";"0"
"2017-02-22";"175";"0"
"2017-02-23";"169";"0"
"2017-02-24";"121";"0"
"2017-02-27";"0";"0"
"2017-02-28";"0";"0"
"2017-03-01";"0";"0"
"2017-03-02";"100";"0"
"2017-03-03";"117";"0"
"2017-03-06";"176";"0"
"2017-03-07";"202";"0"
"2017-03-08";"231";"0"
"2017-03-09";"259";"0"
"2017-03-10";"233";"0"
"2017-03-13";"805";"567"
"2017-03-14";"837";"590"
"2017-03-15";"838";"542"
"2017-03-16";"857";"547"
"2017-03-17";"731";"356"
"2017-03-20";"787";"587"
"2017-03-21";"859";"572"
"2017-03-22";"835";"616"
"2017-03-23";"872";"560"
"2017-03-24";"699";"441"
"2017-03-27";"750";"562"
"2017-03-28";"886";"519"
"2017-03-29";"863";"587"
"2017-03-30";"852";"564"
"2017-03-31";"725";"417"
"2017-04-03";"637";"531"
"2017-04-04";"838";"548"
"2017-04-05";"821";"585"
"2017-04-06";"867";"571"
"2017-04-07";"732";"377"
"2017-04-10";"754";"527"
"2017-04-11";"790";"469"
"2017-04-12";"658";"419"
"2017-04-13";"0";"0"
"2017-04-14";"0";"0"
"2017-04-17";"580";"442"
"2017-04-18";"796";"499"
"2017-04-19";"808";"525"
"2017-04-20";"740";"426"
"2017-04-21";"0";"0"
"2017-04-24";"702";"516"
"2017-04-25";"788";"543"
"2017-04-26";"832";"573"
"2017-04-27";"833";"517"
"2017-04-28";"355";"204"
"2017-05-01";"0";"0"
"2017-05-02";"734";"491"
"2017-05-03";"805";"501"
"2017-05-04";"807";"555"
"2017-05-05";"671";"375"
"2017-05-08";"672";"502"
"2017-05-09";"808";"541"
"2017-05-10";"823";"513"
"2017-05-11";"808";"493"
"2017-05-12";"575";"304"
"2017-05-15";"647";"498"
"2017-05-16";"823";"502"
"2017-05-17";"763";"517"
"2017-05-18";"817";"507"
"2017-05-19";"694";"402"
"2017-05-22";"707";"514"
"2017-05-23";"806";"518"
"2017-05-24";"799";"537"
"2017-05-25";"813";"544"
"2017-05-26";"689";"396"
"2017-05-29";"627";"499"
"2017-05-30";"796";"553"
"2017-05-31";"781";"478"
"2017-06-01";"812";"492"
"2017-06-02";"608";"361"
"2017-06-05";"616";"506"
"2017-06-06";"778";"525"
"2017-06-07";"768";"500"
"2017-06-08";"787";"496"
"2017-06-09";"642";"359"
"2017-06-12";"681";"469"
"2017-06-13";"779";"503"
"2017-06-14";"738";"419"
"2017-06-15";"0";"0"
"2017-06-16";"315";"158"
"2017-06-19";"608";"494"
"2017-06-20";"786";"520"
"2017-06-21";"788";"512"
"2017-06-22";"769";"484"
"2017-06-23";"661";"367"
"2017-06-26";"635";"493"
"2017-06-27";"792";"502"
"2017-06-28";"770";"490"
"2017-06-29";"738";"487"
"2017-06-30";"565";"301"
"2017-07-03";"660";"467"
"2017-07-04";"742";"461"
"2017-07-05";"0";"0"
"2017-07-06";"746";"444"
"2017-07-07";"591";"347"
"2017-07-10";"540";"397"
"2017-07-11";"605";"375"
"2017-07-12";"629";"375"
"2017-07-13";"588";"339"
"2017-07-14";"407";"212"
"2017-07-17";"424";"291"
"2017-07-18";"446";"238"
"2017-07-19";"429";"286"
"2017-07-20";"378";"183"
"2017-07-21";"314";"154"
"2017-07-24";"124";"0"
"2017-07-25";"125";"0"
"2017-07-26";"145";"0"
"2017-07-27";"146";"0"
"2017-07-28";"103";"0"
"2017-07-31";"132";"0"
"2017-08-01";"138";"0"
"2017-08-02";"151";"0"
"2017-08-03";"150";"0"
"2017-08-04";"132";"0"
"2017-08-07";"143";"0"
"2017-08-08";"149";"0"
"2017-08-09";"166";"0"
"2017-08-10";"176";"0"
"2017-08-11";"139";"0"
"2017-08-14";"281";"0"
"2017-08-15";"378";"0"
"2017-08-16";"687";"466"
"2017-08-17";"732";"462"
"2017-08-18";"544";"326"
"2017-08-21";"801";"558"
"2017-08-22";"947";"576"
"2017-08-23";"895";"647"
"2017-08-24";"858";"539"
"2017-08-25";"658";"386"
"2017-08-28";"777";"547"
"2017-08-29";"939";"598"
"2017-08-30";"894";"588"
"2017-08-31";"870";"559"
"2017-09-01";"705";"434"
"2017-09-04";"793";"578"
"2017-09-05";"935";"530"
"2017-09-06";"759";"469"
"2017-09-07";"0";"0"
"2017-09-08";"232";"136"
"2017-09-11";"762";"560"
"2017-09-12";"943";"589"
"2017-09-13";"823";"560"
"2017-09-14";"869";"565"
"2017-09-15";"672";"411"
"2017-09-18";"728";"554"
"2017-09-19";"882";"529"
"2017-09-20";"784";"534"
"2017-09-21";"842";"505"
"2017-09-22";"702";"428"
"2017-09-25";"702";"519"
"2017-09-26";"891";"568"
"2017-09-27";"847";"535"
"2017-09-28";"834";"556"
"2017-09-29";"707";"392"
"2017-10-02";"704";"524"
"2017-10-03";"900";"545"
"2017-10-04";"817";"532"
"2017-10-05";"848";"527"
"2017-10-06";"668";"420"
"2017-10-09";"746";"514"
"2017-10-10";"790";"480"
"2017-10-11";"708";"402"
"2017-10-12";"0";"0"
"2017-10-13";"0";"0"
"2017-10-16";"700";"504"
"2017-10-17";"854";"523"
"2017-10-18";"823";"546"
"2017-10-19";"861";"533"
"2017-10-20";"698";"444"
"2017-10-23";"700";"528"
"2017-10-24";"869";"512"
"2017-10-25";"809";"448"
"2017-10-26";"610";"377"
"2017-10-27";"504";"214"
"2017-10-30";"749";"523"
"2017-10-31";"833";"518"
"2017-11-01";"767";"466"
"2017-11-02";"0";"0"
"2017-11-03";"290";"192"
"2017-11-06";"673";"495"
"2017-11-07";"808";"472"
"2017-11-08";"860";"508"
"2017-11-09";"841";"485"
"2017-11-10";"590";"399"
"2017-11-13";"660";"470"
"2017-11-14";"849";"470"
"2017-11-15";"0";"0"
"2017-11-16";"769";"507"
"2017-11-17";"613";"371"
"2017-11-20";"663";"464"
"2017-11-21";"825";"469"
"2017-11-22";"838";"556"
"2017-11-23";"802";"508"
"2017-11-24";"663";"409"
"2017-11-27";"656";"473"
"2017-11-28";"800";"524"
"2017-11-29";"803";"538"
"2017-11-30";"749";"499"
"2017-12-01";"637";"378"
"2017-12-04";"649";"430"
"2017-12-05";"785";"456"
"2017-12-06";"786";"486"
"2017-12-07";"750";"393"
"2017-12-08";"0";"0"
"2017-12-11";"563";"396"
"2017-12-12";"655";"393"
"2017-12-13";"625";"437"
"2017-12-14";"613";"368"
"2017-12-15";"403";"213"
"2017-12-18";"349";"230"
"2017-12-19";"379";"219"
"2017-12-20";"386";"186"
"2017-12-21";"283";"111"
"2017-12-22";"0";"0"
"2017-12-25";"0";"0"
"2017-12-26";"0";"0"
"2017-12-27";"0";"0"
"2017-12-28";"0";"0"
"2017-12-29";"0";"0"
"2018-01-02";"0";"0"
"2018-01-03";"0";"0"
"2018-01-04";"0";"0"
"2018-01-05";"0";"0"
"2018-01-08";"69";"0"
"2018-01-09";"112";"0"
"2018-01-10";"122";"0"
"2018-01-11";"115";"0"
"2018-01-12";"100";"0"
"2018-01-15";"117";"0"
"2018-01-16";"156";"0"
"2018-01-17";"167";"0"
"2018-01-18";"135";"0"
"2018-01-19";"120";"0"
"2018-01-22";"156";"0"
"2018-01-23";"151";"0"
"2018-01-24";"149";"0"
"2018-01-25";"130";"0"
"2018-01-26";"114";"0"
"2018-01-29";"144";"0"
"2018-01-30";"178";"0"
"2018-01-31";"179";"0"
"2018-02-01";"139";"0"
"2018-02-02";"119";"0"
"2018-02-05";"153";"0"
"2018-02-06";"155";"0"
"2018-02-07";"177";"0"
"2018-02-08";"175";"0"
"2018-02-09";"116";"0"
"2018-02-12";"0";"0"
"2018-02-13";"0";"0"
"2018-02-14";"0";"0"
"2018-02-15";"127";"0"
"2018-02-16";"131";"0"
"2018-02-19";"189";"0"
"2018-02-20";"242";"0"
"2018-02-21";"301";"0"
"2018-02-22";"604";"360"
"2018-02-23";"446";"219"
"2018-02-26";"743";"489"
"2018-02-27";"825";"519"
"2018-02-28";"811";"425"
"2018-03-01";"796";"470"
"2018-03-02";"620";"278"
"2018-03-05";"695";"507"
"2018-03-06";"858";"546"
"2018-03-07";"902";"525"
"2018-03-08";"896";"514"
"2018-03-09";"751";"400"
"2018-03-12";"730";"524"
"2018-03-13";"844";"525"
"2018-03-14";"847";"530"
"2018-03-15";"829";"516"
"2018-03-16";"630";"305"
"2018-03-19";"0";"0"
"2018-03-20";"617";"465"
"2018-03-21";"786";"396"
"2018-03-22";"834";"519"
"2018-03-23";"650";"328"
"2018-03-26";"771";"543"
"2018-03-27";"823";"333"
"2018-03-28";"763";"395"
"2018-03-29";"0";"0"
"2018-03-30";"0";"0"
"2018-04-02";"713";"491"
"2018-04-03";"852";"539"
"2018-04-04";"830";"516"
"2018-04-05";"889";"527"
"2018-04-06";"696";"405"
"2018-04-09";"772";"488"
"2018-04-10";"883";"470"
"2018-04-11";"878";"481"
"2018-04-12";"851";"462"
"2018-04-13";"726";"364"
"2018-04-16";"728";"485"
"2018-04-17";"851";"501"
"2018-04-18";"812";"490"
"2018-04-19";"799";"439"
"2018-04-20";"596";"330"
"2018-04-23";"761";"486"
"2018-04-24";"853";"494"
"2018-04-25";"794";"510"
"2018-04-26";"763";"419"
"2018-04-27";"597";"334"
"2018-04-30";"297";"146"
"2018-05-01";"0";"0"
"2018-05-02";"765";"469"
"2018-05-03";"811";"485"
"2018-05-04";"652";"362"
"2018-05-07";"705";"486"
"2018-05-08";"827";"502"
"2018-05-09";"802";"450"
"2018-05-10";"832";"475"
"2018-05-11";"611";"307"
"2018-05-14";"651";"483"
"2018-05-15";"803";"476"
"2018-05-16";"774";"472"
"2018-05-17";"767";"438"
"2018-05-18";"650";"359"
"2018-05-21";"698";"464"
"2018-05-22";"795";"486"
"2018-05-23";"819";"469"
"2018-05-24";"710";"483"
"2018-05-25";"572";"283"
"2018-05-28";"669";"433"
"2018-05-29";"776";"490"
"2018-05-30";"686";"381"
"2018-05-31";"0";"0"
"2018-06-01";"242";"129"
"2018-06-04";"660";"486"
"2018-06-05";"821";"527"
"2018-06-06";"828";"471"
"2018-06-07";"811";"461"
"2018-06-08";"650";"371"
"2018-06-11";"715";"460"
"2018-06-12";"761";"449"
"2018-06-13";"787";"403"
"2018-06-14";"751";"438"
"2018-06-15";"639";"374"
"2018-06-18";"624";"428"
"2018-06-19";"774";"447"
"2018-06-20";"756";"429"
"2018-06-21";"741";"355"
"2018-06-22";"0";"205"
"2018-06-25";"529";"382"
"2018-06-26";"577";"334"
"2018-06-27";"374";"0"
"2018-06-28";"419";"261"
"2018-06-29";"356";"163"
"2018-07-02";"0";"135"
"2018-07-03";"276";"148"
"2018-07-04";"186";"0"
"2018-07-05";"0";"0"
"2018-07-06";"68";"0"
"2018-07-09";"115";"0"
"2018-07-10";"123";"0"
"2018-07-11";"125";"0"
"2018-07-12";"112";"0"
"2018-07-13";"94";"0"
"2018-07-16";"115";"0"
"2018-07-17";"119";"0"
"2018-07-18";"115";"0"
"2018-07-19";"91";"0"
"2018-07-20";"84";"0"
"2018-07-23";"94";"0"
"2018-07-24";"111";"0"
"2018-07-25";"118";"0"
"2018-07-26";"116";"0"
"2018-07-27";"122";"0"
"2018-07-30";"128";"0"
"2018-07-31";"160";"0"
"2018-08-01";"176";"0"
"2018-08-02";"162";"0"
"2018-08-03";"142";"0"
"2018-08-06";"732";"486"
"2018-08-07";"896";"560"
"2018-08-08";"877";"530"
"2018-08-09";"862";"526"
"2018-08-10";"604";"340"
"2018-08-13";"790";"520"
"2018-08-14";"876";"553"
"2018-08-15";"775";"548"
"2018-08-16";"799";"555"
"2018-08-17";"680";"415"
"2018-08-20";"778";"567"
"2018-08-21";"903";"587"
"2018-08-22";"862";"584"
"2018-08-23";"853";"591"
"2018-08-24";"640";"359"
"2018-08-27";"788";"549"
"2018-08-28";"898";"561"
"2018-08-29";"848";"564"
"2018-08-30";"845";"550"
"2018-08-31";"677";"420"
"2018-09-03";"799";"567"
"2018-09-04";"902";"569"
"2018-09-05";"817";"529"
"2018-09-06";"695";"398"
"2018-09-07";"0";"0"
"2018-09-10";"732";"546"
"2018-09-11";"897";"585"
"2018-09-12";"786";"581"
"2018-09-13";"814";"571"
"2018-09-14";"643";"403"
"2018-09-17";"757";"557"
"2018-09-18";"853";"538"
"2018-09-19";"833";"543"
"2018-09-20";"809";"530"
"2018-09-21";"678";"353"
"2018-09-24";"739";"518"
"2018-09-25";"877";"517"
"2018-09-26";"815";"522"
"2018-09-27";"793";"550"
"2018-09-28";"592";"370"
"2018-10-01";"723";"480"
"2018-10-02";"855";"505"
"2018-10-03";"827";"547"
"2018-10-04";"803";"487"
"2018-10-05";"579";"300"
"2018-10-08";"645";"484"
"2018-10-09";"862";"490"
"2018-10-10";"781";"497"
"2018-10-11";"716";"397"
"2018-10-12";"0";"0"
"2018-10-15";"0";"0"
"2018-10-16";"711";"507"
"2018-10-17";"775";"523"
"2018-10-18";"776";"534"
"2018-10-19";"685";"386"
"2018-10-22";"725";"499"
"2018-10-23";"846";"549"
"2018-10-24";"767";"518"
"2018-10-25";"779";"453"
"2018-10-26";"586";"308"
"2018-10-29";"498";"389"
"2018-10-30";"550";"378"
"2018-10-31";"538";"307"
"2018-11-01";"489";"352"
"2018-11-02";"0";"0"
"2018-11-05";"707";"504"
"2018-11-06";"836";"544"
"2018-11-07";"831";"518"
"2018-11-08";"835";"492"
"2018-11-09";"674";"372"
"2018-11-12";"678";"498"
"2018-11-13";"859";"504"
"2018-11-14";"746";"418"
"2018-11-15";"0";"0"
"2018-11-16";"324";"181"
"2018-11-19";"710";"489"
"2018-11-20";"792";"488"
"2018-11-21";"801";"492"
"2018-11-22";"744";"460"
"2018-11-23";"583";"310"
"2018-11-26";"686";"400"
"2018-11-27";"778";"438"
"2018-11-28";"791";"426"
"2018-11-29";"716";"464"
"2018-11-30";"600";"321"
"2018-12-03";"592";"385"
"2018-12-04";"655";"390"
"2018-12-05";"668";"359"
"2018-12-06";"601";"331"
"2018-12-07";"383";"188"
"2018-12-10";"342";"155"
"2018-12-11";"414";"227"
"2018-12-12";"400";"203"
"2018-12-13";"307";"155"
"2018-12-14";"235";"101"
"2018-12-17";"122";"0"
"2018-12-18";"121";"0"
"2018-12-19";"141";"0"
"2018-12-20";"0";"0"
"2018-12-21";"0";"0"
"2018-12-24";"0";"0"
"2018-12-25";"0";"0"
"2018-12-26";"0";"0"
"2018-12-27";"0";"0"
"2018-12-28";"0";"0"
"2018-12-31";"0";"0"
"2019-01-01";"0";"0"
"2019-01-02";"0";"0"
"2019-01-03";"0";"0"
"2019-01-04";"0";"0"
"2019-01-07";"113";"0"
"2019-01-08";"111";"0"
"2019-01-09";"126";"0"
"2019-01-10";"111";"0"
"2019-01-11";"85";"0"
"2019-01-14";"117";"0"
"2019-01-15";"127";"0"
"2019-01-16";"157";"0"
"2019-01-17";"111";"0"
"2019-01-18";"114";"0"
"2019-01-21";"149";"0"
"2019-01-22";"156";"0"
"2019-01-23";"179";"0"
"2019-01-24";"188";"0"
"2019-01-25";"143";"0"
"2019-01-28";"215";"0"
"2019-01-29";"217";"0"
"2019-01-30";"190";"0"
"2019-01-31";"206";"0"
"2019-02-01";"189";"0"
"2019-02-04";"228";"0"
"2019-02-05";"205";"0"
"2019-02-06";"217";"0"
"2019-02-07";"209";"0"
"2019-02-08";"174";"0"
"2019-02-11";"219";"0"
"2019-02-12";"225";"0"
"2019-02-13";"246";"0"
"2019-02-14";"238";"0"
"2019-02-15";"215";"0"
"2019-02-18";"666";"445"
"2019-02-19";"837";"559"
"2019-02-20";"870";"479"
"2019-02-21";"874";"481"
"2019-02-22";"696";"387"
"2019-02-25";"812";"558"
"2019-02-26";"950";"544"
"2019-02-27";"873";"522"
"2019-02-28";"879";"526"
"2019-03-01";"542";"295"
"2019-03-04";"0";"0"
"2019-03-05";"0";"0"
"2019-03-06";"0";"0"
"2019-03-07";"603";"426"
"2019-03-08";"563";"351"
"2019-03-11";"789";"516"
"2019-03-12";"928";"558"
"2019-03-13";"870";"558"
"2019-03-14";"861";"529"
"2019-03-15";"699";"402"
"2019-03-18";"668";"410"
"2019-03-19";"0";"0"
"2019-03-20";"850";"547"
"2019-03-21";"876";"510"
"2019-03-22";"696";"388"
"2019-03-25";"0";"0"
"2019-03-26";"856";"552"
"2019-03-27";"822";"543"
"2019-03-28";"830";"511"
"2019-03-29";"687";"341"
"2019-04-01";"719";"489"
"2019-04-02";"808";"512"
"2019-04-03";"839";"499"
"2019-04-04";"791";"511"
"2019-04-05";"667";"437"
"2019-04-08";"703";"500"
"2019-04-09";"844";"535"
"2019-04-10";"811";"547"
"2019-04-11";"791";"512"
"2019-04-12";"568";"0"
"2019-04-15";"743";"474"
"2019-04-16";"865";"541"
"2019-04-17";"729";"391"
"2019-04-18";"0";"0"
"2019-04-19";"0";"0"
"2019-04-22";"660";"487"
"2019-04-23";"858";"556"
"2019-04-24";"812";"504"
"2019-04-25";"785";"506"
"2019-04-26";"672";"408"
"2019-04-29";"738";"495"
"2019-04-30";"874";"485"
"2019-05-01";"0";"0"
"2019-05-02";"805";"546"
"2019-05-03";"693";"380"
"2019-05-06";"780";"536"
"2019-05-07";"880";"581"
"2019-05-08";"971";"546"
"2019-05-09";"843";"538"
"2019-05-10";"655";"379"
"2019-05-13";"684";"513"
"2019-05-14";"873";"583"
"2019-05-15";"699";"450"
"2019-05-16";"818";"600"
"2019-05-17";"771";"447"
"2019-05-20";"775";"546"
"2019-05-21";"963";"559"
"2019-05-22";"876";"598"
"2019-05-23";"937";"581"
"2019-05-24";"708";"397"
"2019-05-27";"725";"574"
"2019-05-28";"954";"653"
"2019-05-29";"905";"575"
"2019-05-30";"919";"557"
"2019-05-31";"757";"379"
"2019-06-03";"725";"557"
"2019-06-04";"931";"598"
"2019-06-05";"939";"591"
"2019-06-06";"868";"553"
"2019-06-07";"715";"398"
"2019-06-10";"746";"551"
"2019-06-11";"944";"565"
"2019-06-12";"901";"536"
"2019-06-13";"832";"486"
"2019-06-14";"579";"302"
"2019-06-17";"746";"548"
"2019-06-18";"915";"506"
"2019-06-19";"803";"448"
"2019-06-20";"0";"0"
"2019-06-21";"468";"230"
"2019-06-24";"664";"443"
"2019-06-25";"678";"429"
"2019-06-26";"653";"405"
"2019-06-27";"593";"355"
"2019-06-28";"461";"245"
"2019-07-01";"368";"255"
"2019-07-02";"466";"260"
"2019-07-03";"402";"208"
"2019-07-04";"297";"146"
"2019-07-05";"0";"0"
"2019-07-08";"139";"0"
"2019-07-09";"153";"0"
"2019-07-10";"153";"0"
"2019-07-11";"130";"0"
"2019-07-12";"113";"0"
"2019-07-15";"118";"28"
"2019-07-16";"149";"26"
"2019-07-17";"140";"26"
"2019-07-18";"133";"21"
"2019-07-19";"94";"0"
"2019-07-22";"118";"0"
"2019-07-23";"125";"0"
"2019-07-24";"127";"0"
"2019-07-25";"120";"0"
"2019-07-26";"130";"0"
"2019-07-29";"135";"0"
"2019-07-30";"129";"0"
"2019-07-31";"135";"0"
"2019-08-01";"150";"0"
"2019-08-02";"133";"0"
"2019-08-05";"801";"544"
"2019-08-06";"912";"539"
"2019-08-07";"927";"587"
"2019-08-08";"948";"550"
"2019-08-09";"661";"338"
"2019-08-12";"834";"633"
"2019-08-13";"1006";"643"
"2019-08-14";"975";"642"
"2019-08-15";"913";"602"
"2019-08-16";"750";"407"
"2019-08-19";"863";"609"
"2019-08-20";"1022";"663"
"2019-08-21";"991";"628"
"2019-08-22";"969";"649"
"2019-08-23";"773";"406"
"2019-08-26";"824";"593"
"2019-08-27";"957";"664"
"2019-08-28";"989";"714"
"2019-08-29";"931";"577"
"2019-08-30";"679";"368"
"2019-09-02";"839";"607"
"2019-09-03";"958";"654"
"2019-09-04";"918";"670"
"2019-09-05";"938";"591"
"2019-09-06";"724";"357"
"2019-09-09";"824";"579"
"2019-09-10";"963";"640"
"2019-09-11";"962";"640"
"2019-09-12";"952";"611"
"2019-09-13";"781";"405"
"2019-09-16";"867";"587"
"2019-09-17";"991";"651"
"2019-09-18";"927";"655"
"2019-09-19";"956";"650"
"2019-09-20";"752";"384"
"2019-09-23";"817";"598"
"2019-09-24";"970";"615"
"2019-09-25";"966";"607"
"2019-09-26";"845";"547"
"2019-09-27";"717";"357"
"2019-09-30";"814";"563"
"2019-10-01";"910";"629"
"2019-10-02";"919";"581"
"2019-10-03";"839";"554"
"2019-10-04";"684";"324"
"2019-10-07";"774";"530"
"2019-10-08";"924";"579"
"2019-10-09";"849";"585"
"2019-10-10";"812";"534"
"2019-10-11";"698";"353"
"2019-10-14";"0";"0"
"2019-10-15";"821";"616"
"2019-10-16";"907";"611"
"2019-10-17";"842";"553"
"2019-10-18";"678";"365"
"2019-10-21";"775";"582"
"2019-10-22";"908";"639"
"2019-10-23";"908";"599"
"2019-10-24";"803";"501"
"2019-10-25";"589";"298"
"2019-10-29";"836";"550"
"2019-10-30";"866";"567"
"2019-10-31";"782";"539"
"2019-11-01";"640";"333"
"2019-11-04";"798";"533"
"2019-11-05";"915";"562"
"2019-11-06";"852";"581"
"2019-11-07";"809";"485"
"2019-11-08";"677";"329"
"2019-11-11";"743";"526"
"2019-11-12";"865";"599"
"2019-11-13";"871";"583"
"2019-11-14";"717";"398"
"2019-11-18";"745";"519"
"2019-11-19";"873";"545"
"2019-11-20";"819";"546"
"2019-11-21";"834";"519"
"2019-11-22";"656";"350"
"2019-11-25";"735";"514"
"2019-11-26";"823";"499"
"2019-11-27";"806";"507"
"2019-11-28";"776";"480"
"2019-11-29";"599";"256"
"2019-12-02";"645";"473"
"2019-12-03";"702";"408"
"2019-12-04";"664";"383"
"2019-12-05";"629";"352"
"2019-12-06";"487";"224"
"2019-12-09";"378";"255"
"2019-12-10";"410";"212"
"2019-12-11";"393";"177"
"2019-12-12";"333";"140"
"2019-12-13";"238";"76"
"2019-12-16";"130";"0"
"2019-12-17";"134";"0"
"2019-12-18";"150";"0"
"2019-12-19";"120";"0"
"2019-12-20";"106";"0"
"2019-12-23";"0";"0"
"2019-12-24";"0";"0"
"2019-12-25";"0";"0"
"2019-12-26";"0";"0"
"2019-12-27";"0";"0"
"2019-12-30";"0";"0"
"2019-12-31";"0";"0"
"2020-01-06";"82";"0"
"2020-01-07";"91";"0"
"2020-01-08";"132";"0"
"2020-01-09";"114";"0"
"2020-01-10";"80";"0"
"2020-01-13";"94";"0"
"2020-01-14";"118";"0"
"2020-01-15";"138";"0"
"2020-01-16";"122";"0"
"2020-01-17";"94";"0"
"2020-01-20";"115";"0"
"2020-01-21";"171";"0"
"2020-01-22";"160";"0"
"2020-01-23";"147";"0"
"2020-01-24";"153";"0"
"2020-01-27";"102";"0"
"2020-01-28";"138";"0"
"2020-01-29";"155";"0"
"2020-01-30";"142";"0"
"2020-01-31";"131";"0"
"2020-02-03";"219";"45"
"2020-02-04";"261";"55"
"2020-02-05";"223";"35"
"2020-02-06";"210";"38"
"2020-02-07";"136";"0"
"2020-02-10";"129";"0"
"2020-02-11";"143";"0"
"2020-02-12";"173";"0"
"2020-02-13";"149";"0"
"2020-02-14";"184";"0"
"2020-02-17";"723";"503"
"2020-02-18";"961";"577"
"2020-02-19";"912";"413"
"2020-02-20";"779";"379"
"2020-02-21";"487";"132"
"2020-02-24";"0";"0"
"2020-02-25";"0";"0"
"2020-02-26";"0";"0"
"2020-02-27";"689";"501"
"2020-02-28";"657";"289"
"2020-03-02";"847";"614"
"2020-03-03";"1033";"687"
"2020-03-04";"830";"608"
"2020-03-05";"944";"691"
"2020-03-06";"823";"353"
"2020-03-09";"843";"639"
"2020-03-10";"1001";"626"
"2020-03-11";"1002";"611"
"2020-03-12";"953";"549"
"2020-03-13";"795";"410"
"2020-03-16";"646";"328"
"2020-03-17";"104";"31"
"2020-03-18";"31";"12"
"2020-03-19";"0";"0"
"2020-03-20";"12";"9"
"2020-03-23";"9";"6"
"2020-03-24";"10";"9"
"2020-03-25";"0";"0"
"2020-03-26";"11";"13"
"2020-03-27";"15";"14"
"2020-03-30";"13";"12"
"2020-03-31";"14";"9"
